<?xml version="1.0" encoding="utf-8"?>
<System>
  <P Name="Location">[-8, -8, 1928, 1048]</P>
  <P Name="SystemRect">[0.000000, 0.000000, 0.000000, 0.000000]</P>
  <P Name="SetExecutionDomain">off</P>
  <P Name="ExecutionDomainType">Deduce</P>
  <P Name="ZoomFactor">175</P>
  <P Name="SimulinkSubDomain">Simulink</P>
  <Block BlockType="Inport" Name="voltage" SID="1022">
    <P Name="Position">[325, 328, 355, 342]</P>
    <P Name="ZOrder">-1</P>
  </Block>
  <Block BlockType="Reference" Name="Analog Output" SID="1023">
    <P Name="Ports">[1]</P>
    <P Name="Position">[545, 325, 600, 365]</P>
    <P Name="ZOrder">-3</P>
    <P Name="AttributesFormatString">Humusoft\nMF634 [auto]</P>
    <P Name="LibraryVersion">1.242</P>
    <P Name="SourceBlock">sldrtlib/Analog Output</P>
    <P Name="SourceType">Simulink Desktop Real-Time Analog Output</P>
    <P Name="SourceProductBaseCode">WT</P>
    <InstanceData>
      <P Name="MultiThreadCoSim">auto</P>
      <P Name="SampleTime">h</P>
      <P Name="MaxMissedTicks">100</P>
      <P Name="ShowMissedTicks">off</P>
      <P Name="YieldWhenWaiting">off</P>
      <P Name="DrvName">Humusoft/MF634</P>
      <P Name="DrvAddress">4294967295</P>
      <P Name="DrvOptions">0</P>
      <P Name="Channels">[1]</P>
      <P Name="RangeMode">2</P>
      <P Name="VoltRange">1</P>
      <P Name="InitialValue">0</P>
      <P Name="FinalValue">0</P>
    </InstanceData>
  </Block>
  <Block BlockType="Constant" Name="DA offsets" SID="1024">
    <P Name="Position">[435, 359, 485, 381]</P>
    <P Name="ZOrder">-4</P>
    <P Name="ShowName">off</P>
    <P Name="Value">0</P>
  </Block>
  <Block BlockType="Constant" Name="DA offsets1" SID="1025">
    <P Name="Position">[455, 261, 545, 279]</P>
    <P Name="ZOrder">-5</P>
    <P Name="ShowName">off</P>
    <P Name="Value">0</P>
    <P Name="SampleTime">h</P>
  </Block>
  <Block BlockType="Demux" Name="Demux" SID="1026">
    <P Name="Ports">[1, 2]</P>
    <P Name="Position">[675, 236, 680, 274]</P>
    <P Name="ZOrder">8</P>
    <P Name="ShowName">off</P>
    <P Name="Outputs">2</P>
  </Block>
  <Block BlockType="Reference" Name="Encoder Input" SID="1027">
    <P Name="Ports">[0, 1]</P>
    <P Name="Position">[300, 225, 355, 265]</P>
    <P Name="ZOrder">1</P>
    <P Name="AttributesFormatString">Humusoft\nMF634 [auto]</P>
    <P Name="LibraryVersion">1.242</P>
    <P Name="SourceBlock">sldrtlib/Encoder Input</P>
    <P Name="SourceType">Simulink Desktop Real-Time Encoder Input</P>
    <P Name="SourceProductBaseCode">WT</P>
    <InstanceData>
      <P Name="MultiThreadCoSim">auto</P>
      <P Name="SampleTime">h</P>
      <P Name="MaxMissedTicks">100</P>
      <P Name="ShowMissedTicks">off</P>
      <P Name="YieldWhenWaiting">off</P>
      <P Name="DrvName">Humusoft/MF634</P>
      <P Name="DrvAddress">4294967295</P>
      <P Name="DrvOptions">0</P>
      <P Name="Channels">[1,2]</P>
      <P Name="QuadMode">3</P>
      <P Name="IndexPulse">1</P>
      <P Name="InputFilter">Inf</P>
      <P Name="DataType">1</P>
    </InstanceData>
  </Block>
  <Block BlockType="Gain" Name="Gain" SID="1028">
    <P Name="Position">[600, 238, 635, 272]</P>
    <P Name="ZOrder">-10</P>
    <P Name="ShowName">off</P>
    <P Name="Gain">360*pi/(180*512*4)</P>
    <P Name="ParamDataTypeStr">Inherit: Same as input</P>
    <P Name="OutDataTypeStr">Inherit: Same as input</P>
    <P Name="SaturateOnIntegerOverflow">on</P>
  </Block>
  <Block BlockType="Gain" Name="Gain1" SID="1029">
    <P Name="Position">[435, 319, 465, 351]</P>
    <P Name="ZOrder">-11</P>
    <P Name="ShowName">off</P>
    <P Name="Gain">5</P>
    <P Name="ParamDataTypeStr">Inherit: Same as input</P>
    <P Name="OutDataTypeStr">Inherit: Same as input</P>
    <P Name="SaturateOnIntegerOverflow">on</P>
  </Block>
  <Block BlockType="Gain" Name="Gain2" SID="1030">
    <P Name="Position">[705, 229, 735, 261]</P>
    <P Name="ZOrder">9</P>
    <P Name="ShowName">off</P>
    <P Name="Gain">-1</P>
    <P Name="ParamDataTypeStr">Inherit: Same as input</P>
    <P Name="OutDataTypeStr">Inherit: Same as input</P>
    <P Name="SaturateOnIntegerOverflow">on</P>
  </Block>
  <Block BlockType="Saturate" Name="Saturation" SID="1031">
    <P Name="Position">[375, 320, 405, 350]</P>
    <P Name="ZOrder">2</P>
    <P Name="UpperLimit">1</P>
    <P Name="LowerLimit">-1</P>
  </Block>
  <Block BlockType="Sum" Name="Sum" SID="1032">
    <P Name="Ports">[2, 1]</P>
    <P Name="Position">[565, 233, 580, 277]</P>
    <P Name="ZOrder">-15</P>
    <P Name="ShowName">off</P>
    <P Name="IconShape">rectangular</P>
    <P Name="InputSameDT">on</P>
    <P Name="OutDataTypeStr">Inherit: Same as first input</P>
    <P Name="SaturateOnIntegerOverflow">on</P>
  </Block>
  <Block BlockType="Sum" Name="Sum2" SID="1033">
    <P Name="Ports">[2, 1]</P>
    <P Name="Position">[505, 323, 520, 367]</P>
    <P Name="ZOrder">-17</P>
    <P Name="ShowName">off</P>
    <P Name="IconShape">rectangular</P>
    <P Name="InputSameDT">on</P>
    <P Name="OutDataTypeStr">Inherit: Same as first input</P>
    <P Name="SaturateOnIntegerOverflow">on</P>
  </Block>
  <Block BlockType="Outport" Name="theta" SID="1034">
    <P Name="Tag">Cable length</P>
    <P Name="Position">[810, 283, 840, 297]</P>
    <P Name="ZOrder">-21</P>
  </Block>
  <Block BlockType="Outport" Name="alpha" SID="1035">
    <P Name="Tag">Cable length</P>
    <P Name="Position">[810, 238, 840, 252]</P>
    <P Name="ZOrder">3</P>
    <P Name="Port">2</P>
  </Block>
  <Line>
    <P Name="ZOrder">1</P>
    <P Name="Src">1032#out:1</P>
    <P Name="Dst">1028#in:1</P>
  </Line>
  <Line>
    <P Name="ZOrder">2</P>
    <P Name="Src">1025#out:1</P>
    <P Name="Dst">1032#in:2</P>
  </Line>
  <Line>
    <P Name="ZOrder">3</P>
    <P Name="Src">1029#out:1</P>
    <P Name="Dst">1033#in:1</P>
  </Line>
  <Line>
    <P Name="ZOrder">4</P>
    <P Name="Src">1033#out:1</P>
    <P Name="Dst">1023#in:1</P>
  </Line>
  <Line>
    <P Name="ZOrder">5</P>
    <P Name="Src">1024#out:1</P>
    <P Name="Dst">1033#in:2</P>
  </Line>
  <Line>
    <P Name="ZOrder">6</P>
    <P Name="Src">1022#out:1</P>
    <P Name="Dst">1031#in:1</P>
  </Line>
  <Line>
    <P Name="ZOrder">7</P>
    <P Name="Src">1027#out:1</P>
    <P Name="Dst">1032#in:1</P>
  </Line>
  <Line>
    <P Name="ZOrder">8</P>
    <P Name="Src">1031#out:1</P>
    <P Name="Dst">1029#in:1</P>
  </Line>
  <Line>
    <P Name="ZOrder">9</P>
    <P Name="Src">1026#out:1</P>
    <P Name="Dst">1030#in:1</P>
  </Line>
  <Line>
    <P Name="ZOrder">10</P>
    <P Name="Src">1028#out:1</P>
    <P Name="Dst">1026#in:1</P>
  </Line>
  <Line>
    <P Name="ZOrder">11</P>
    <P Name="Src">1030#out:1</P>
    <P Name="Dst">1035#in:1</P>
  </Line>
  <Line>
    <P Name="ZOrder">12</P>
    <P Name="Src">1026#out:2</P>
    <P Name="Points">[60, 0; 0, 25]</P>
    <P Name="Dst">1034#in:1</P>
  </Line>
</System>
