<?xml version="1.0" encoding="utf-8"?>
<System>
  <P Name="Location">[-8, -8, 1928, 1048]</P>
  <P Name="SystemRect">[0.000000, 0.000000, 0.000000, 0.000000]</P>
  <P Name="SetExecutionDomain">off</P>
  <P Name="ExecutionDomainType">Deduce</P>
  <P Name="SimulinkSubDomain">Simulink</P>
  <Block BlockType="Inport" Name="arm enc" SID="1037">
    <P Name="Position">[50, 43, 80, 57]</P>
    <P Name="ZOrder">-1</P>
  </Block>
  <Block BlockType="Inport" Name="pen enc" SID="1038">
    <P Name="Position">[25, 138, 55, 152]</P>
    <P Name="ZOrder">-2</P>
    <P Name="Port">2</P>
  </Block>
  <Block BlockType="Bias" Name="Bias1" SID="1039">
    <P Name="Position">[125, 250, 165, 280]</P>
    <P Name="ZOrder">261</P>
    <P Name="Bias">-2*pi</P>
    <P Name="SaturateOnIntegerOverflow">off</P>
  </Block>
  <Block BlockType="Bias" Name="Bias2" SID="1040">
    <P Name="Position">[220, -140, 260, -110]</P>
    <P Name="ZOrder">267</P>
    <P Name="Commented">on</P>
    <P Name="Bias">-2*pi</P>
    <P Name="SaturateOnIntegerOverflow">off</P>
  </Block>
  <Block BlockType="Constant" Name="Constant2" SID="1041">
    <P Name="Position">[35, 275, 65, 305]</P>
    <P Name="ZOrder">260</P>
    <P Name="Value">2*pi</P>
  </Block>
  <Block BlockType="Gain" Name="Gain" SID="1042">
    <P Name="Position">[215, 35, 245, 65]</P>
    <P Name="ZOrder">265</P>
    <P Name="Gain">-1</P>
  </Block>
  <Block BlockType="Gain" Name="Gain4" SID="1043">
    <P Name="Position">[180, 250, 210, 280]</P>
    <P Name="ZOrder">262</P>
    <P Name="Gain">-1</P>
  </Block>
  <Block BlockType="Math" Name="Math&#xA;Function1" SID="1044">
    <P Name="Ports">[2, 1]</P>
    <P Name="Position">[70, 202, 100, 233]</P>
    <P Name="ZOrder">259</P>
    <P Name="Operator">mod</P>
    <P Name="SignedPower">on</P>
  </Block>
  <Block BlockType="Switch" Name="Switch" SID="1045">
    <P Name="Position">[280, -85, 330, -45]</P>
    <P Name="ZOrder">266</P>
    <P Name="Commented">on</P>
    <P Name="Criteria">u2 &gt; Threshold</P>
    <P Name="Threshold">pi</P>
    <P Name="InputSameDT">off</P>
    <P Name="SaturateOnIntegerOverflow">off</P>
  </Block>
  <Block BlockType="Outport" Name="Alpha (rad)" SID="1046">
    <P Name="Position">[355, 43, 385, 57]</P>
    <P Name="ZOrder">-8</P>
    <P Name="VectorParamsAs1DForOutWhenUnconnected">off</P>
  </Block>
  <Block BlockType="Outport" Name="Theta (rad)" SID="1047">
    <P Name="Position">[355, 148, 385, 162]</P>
    <P Name="ZOrder">-9</P>
    <P Name="Port">2</P>
    <P Name="VectorParamsAs1DForOutWhenUnconnected">off</P>
  </Block>
  <Line>
    <P Name="ZOrder">1</P>
    <P Name="Src">1037#out:1</P>
    <P Name="Dst">1042#in:1</P>
  </Line>
  <Line>
    <P Name="ZOrder">2</P>
    <P Name="Src">1043#out:1</P>
    <P Name="Points">[19, 0; 0, -110]</P>
    <P Name="Dst">1047#in:1</P>
  </Line>
  <Line>
    <P Name="ZOrder">3</P>
    <P Name="Src">1044#out:1</P>
    <P Name="Points">[5, 0]</P>
    <P Name="Dst">1039#in:1</P>
  </Line>
  <Line>
    <P Name="ZOrder">4</P>
    <P Name="Src">1038#out:1</P>
    <P Name="Points">[19, 0; 0, 38; -33, 0; 0, 27]</P>
    <P Name="Dst">1044#in:1</P>
  </Line>
  <Line>
    <P Name="ZOrder">5</P>
    <P Name="Src">1041#out:1</P>
    <P Name="Points">[17, 0; 0, -24; -33, 0; 0, -41]</P>
    <P Name="Dst">1044#in:2</P>
  </Line>
  <Line>
    <P Name="ZOrder">6</P>
    <P Name="Src">1039#out:1</P>
    <P Name="Dst">1043#in:1</P>
  </Line>
  <Line>
    <P Name="ZOrder">7</P>
    <P Name="Src">1042#out:1</P>
    <P Name="Dst">1046#in:1</P>
  </Line>
  <Line>
    <P Name="ZOrder">8</P>
    <P Name="Src">1045#out:1</P>
    <P Name="Points">[14, 0; 0, -30; 21, 0]</P>
  </Line>
  <Line>
    <P Name="ZOrder">9</P>
    <P Name="Src">1040#out:1</P>
    <P Name="Dst">1045#in:1</P>
  </Line>
  <Line>
    <P Name="ZOrder">10</P>
    <P Name="Points">[157, -10; 0, -55]</P>
    <Branch>
      <P Name="ZOrder">11</P>
      <P Name="Dst">1045#in:2</P>
    </Branch>
    <Branch>
      <P Name="ZOrder">12</P>
      <P Name="Points">[0, -60]</P>
      <P Name="Dst">1040#in:1</P>
    </Branch>
  </Line>
</System>
