<?xml version="1.0" encoding="utf-8"?>
<System>
  <P Name="Location">[-8, -8, 1928, 1048]</P>
  <P Name="SystemRect">[0.000000, 0.000000, 0.000000, 0.000000]</P>
  <P Name="SetExecutionDomain">off</P>
  <P Name="ExecutionDomainType">Deduce</P>
  <P Name="ZoomFactor">80</P>
  <P Name="SimulinkSubDomain">Simulink</P>
  <Block BlockType="Inport" Name="u (V)" SID="1020">
    <P Name="Position">[-40, 48, -10, 62]</P>
    <P Name="ZOrder">1</P>
  </Block>
  <Block BlockType="SubSystem" Name=" 1" SID="1021">
    <P Name="Ports">[1, 2]</P>
    <P Name="Position">[70, -1, 185, 106]</P>
    <P Name="ZOrder">163</P>
    <P Name="BackgroundColor">lightBlue</P>
    <P Name="NameLocation">top</P>
    <P Name="LoadFcn">hwinit</P>
    <P Name="InitFcn">hwinit</P>
    <P Name="FontName">Arial</P>
    <P Name="FontSize">11</P>
    <P Name="FontWeight">bold</P>
    <P Name="ShowPortLabels">none</P>
    <P Name="RequestExecContextInheritance">off</P>
    <Mask>
      <Display>disp(&apos;Qube-Servo&apos;)
port_label(&apos;output&apos;,1,&apos;theta&apos;)
port_label(&apos;output&apos;,2,&apos;alpha&apos;)
port_label(&apos;input&apos;,1,&apos;V&apos;)
</Display>
      <MaskParameter Name="h" Type="edit">
        <Prompt>Sampling period [s]</Prompt>
        <Value>h</Value>
      </MaskParameter>
    </Mask>
    <System Ref="system_1021"/>
  </Block>
  <Block BlockType="SubSystem" Name="Counts to Angles" SID="1036">
    <P Name="Ports">[2, 2]</P>
    <P Name="Position">[325, 24, 430, 86]</P>
    <P Name="ZOrder">-2</P>
    <P Name="RequestExecContextInheritance">off</P>
    <System Ref="system_1036"/>
  </Block>
  <Block BlockType="SubSystem" Name="State X" SID="1048">
    <P Name="Ports">[2, 1]</P>
    <P Name="Position">[475, 24, 540, 86]</P>
    <P Name="ZOrder">-18</P>
    <P Name="RequestExecContextInheritance">off</P>
    <System Ref="system_1048"/>
  </Block>
  <Block BlockType="Outport" Name="X" SID="1058">
    <P Name="Position">[585, 48, 615, 62]</P>
    <P Name="ZOrder">2</P>
    <P Name="VectorParamsAs1DForOutWhenUnconnected">off</P>
  </Block>
  <Line>
    <P Name="ZOrder">1</P>
    <P Name="Src">1020#out:1</P>
    <P Name="Dst">1021#in:1</P>
  </Line>
  <Line>
    <P Name="ZOrder">2</P>
    <P Name="Src">1021#out:1</P>
    <P Name="Points">[65, 0; 0, 45]</P>
    <P Name="Dst">1036#in:2</P>
  </Line>
  <Line>
    <P Name="ZOrder">3</P>
    <P Name="Src">1021#out:2</P>
    <P Name="Points">[30, 0; 0, -40]</P>
    <P Name="Dst">1036#in:1</P>
  </Line>
  <Line>
    <P Name="ZOrder">4</P>
    <P Name="Labels">[0, 0]</P>
    <P Name="Src">1036#out:2</P>
    <P Name="Dst">1048#in:2</P>
  </Line>
  <Line>
    <P Name="ZOrder">5</P>
    <P Name="Src">1036#out:1</P>
    <P Name="Dst">1048#in:1</P>
  </Line>
  <Line>
    <P Name="ZOrder">6</P>
    <P Name="Src">1048#out:1</P>
    <P Name="Dst">1058#in:1</P>
  </Line>
</System>
