<?xml version="1.0" encoding="utf-8"?>
<System>
  <P Name="Location">[-8, -8, 1928, 1048]</P>
  <P Name="SystemRect">[0.000000, 0.000000, 0.000000, 0.000000]</P>
  <P Name="Open">on</P>
  <P Name="SetExecutionDomain">off</P>
  <P Name="ExecutionDomainType">Deduce</P>
  <P Name="ReportName">simulink-default.rpt</P>
  <P Name="SIDHighWatermark">1131</P>
  <P Name="SimulinkSubDomain">Simulink</P>
  <Block BlockType="Gain" Name="Convert to&#xA;Vector3" SID="1004">
    <P Name="Position">[-2515, 360, -2445, 400]</P>
    <P Name="ZOrder">4013</P>
    <P Name="Gain">[0 1 0 0]</P>
  </Block>
  <Block BlockType="Gain" Name="Convert to&#xA;Vector4" SID="1005">
    <P Name="Position">[-2550, 295, -2480, 335]</P>
    <P Name="ZOrder">4023</P>
    <P Name="Gain">[1 0 0 0]</P>
  </Block>
  <Block BlockType="Reference" Name="Degrees to&#xA;Radians1" SID="1006">
    <P Name="Ports">[1, 1]</P>
    <P Name="Position">[-2600, 365, -2570, 395]</P>
    <P Name="ZOrder">4012</P>
    <P Name="LibraryVersion">1.69</P>
    <P Name="SourceBlock">simulink_extras/Transformations/Degrees to
Radians</P>
    <P Name="SourceType">DegreesToRadians</P>
    <P Name="SourceProductBaseCode">SL</P>
    <InstanceData>
      <P Name="RTWMemSecFuncInitTerm">Inherit from model</P>
      <P Name="RTWMemSecFuncExecute">Inherit from model</P>
      <P Name="RTWMemSecDataConstants">Inherit from model</P>
      <P Name="RTWMemSecDataInternal">Inherit from model</P>
      <P Name="RTWMemSecDataParameters">Inherit from model</P>
      <P Name="ContentPreviewEnabled">off</P>
    </InstanceData>
  </Block>
  <Block BlockType="Reference" Name="Degrees to&#xA;Radians4" SID="1007">
    <P Name="Ports">[1, 1]</P>
    <P Name="Position">[-2615, 300, -2585, 330]</P>
    <P Name="ZOrder">4031</P>
    <P Name="LibraryVersion">1.69</P>
    <P Name="SourceBlock">simulink_extras/Transformations/Degrees to
Radians</P>
    <P Name="SourceType">DegreesToRadians</P>
    <P Name="SourceProductBaseCode">SL</P>
    <InstanceData>
      <P Name="RTWMemSecFuncInitTerm">Inherit from model</P>
      <P Name="RTWMemSecFuncExecute">Inherit from model</P>
      <P Name="RTWMemSecDataConstants">Inherit from model</P>
      <P Name="RTWMemSecDataInternal">Inherit from model</P>
      <P Name="RTWMemSecDataParameters">Inherit from model</P>
      <P Name="ContentPreviewEnabled">off</P>
    </InstanceData>
  </Block>
  <Block BlockType="Demux" Name="Demux1" SID="1008">
    <P Name="Ports">[1, 2]</P>
    <P Name="Position">[-1380, 316, -1375, 354]</P>
    <P Name="ZOrder">4018</P>
    <P Name="ShowName">off</P>
    <P Name="Outputs">2</P>
    <Port>
      <P Name="PortNumber">1</P>
      <P Name="Name">rotary ar</P>
    </Port>
    <Port>
      <P Name="PortNumber">2</P>
      <P Name="Name">pendulum</P>
    </Port>
  </Block>
  <Block BlockType="Demux" Name="Demux2" SID="1009">
    <P Name="Ports">[1, 4]</P>
    <P Name="Position">[-2015, 416, -2000, 464]</P>
    <P Name="ZOrder">4025</P>
    <P Name="ShowName">off</P>
  </Block>
  <Block BlockType="Demux" Name="Demux3" SID="1129">
    <P Name="Ports">[1, 4]</P>
    <P Name="Position">[-2015, 601, -2000, 649]</P>
    <P Name="ZOrder">4043</P>
    <P Name="ShowName">off</P>
  </Block>
  <Block BlockType="MultiPortSwitch" Name="Enable Balance&#xA;Control Switch1" SID="1010">
    <P Name="Ports">[3, 1]</P>
    <P Name="Position">[-2145, 254, -2110, 326]</P>
    <P Name="ZOrder">4011</P>
    <P Name="DataPortOrder">Zero-based contiguous</P>
    <P Name="Inputs">2</P>
    <P Name="zeroidx">on</P>
    <P Name="InputSameDT">off</P>
    <P Name="SaturateOnIntegerOverflow">off</P>
    <Port>
      <P Name="PortNumber">1</P>
      <P Name="Name">origina</P>
    </Port>
  </Block>
  <Block BlockType="Scope" Name="Input " SID="1123">
    <P Name="Ports">[1]</P>
    <P Name="Position">[-1925, 244, -1895, 276]</P>
    <P Name="ZOrder">4041</P>
    <P Name="ScopeSpecificationString">Simulink.scopes.TimeScopeBlockCfg(&apos;CurrentConfiguration&apos;, extmgr.ConfigurationSet(extmgr.Configuration(&apos;Core&apos;,&apos;General UI&apos;,true),extmgr.Configuration(&apos;Core&apos;,&apos;Source UI&apos;,true),extmgr.Configuration(&apos;Sources&apos;,&apos;WiredSimulink&apos;,true,&apos;DataLoggingVariableName&apos;,&apos;ScopeData1&apos;),extmgr.Configuration(&apos;Visuals&apos;,&apos;Time Domain&apos;,true,&apos;SerializedDisplays&apos;,{struct(&apos;MinYLimReal&apos;,&apos;-161.43311&apos;,&apos;MaxYLimReal&apos;,&apos;185.51514&apos;,&apos;YLabelReal&apos;,&apos;&apos;,&apos;MinYLimMag&apos;,&apos; 0.00000&apos;,&apos;MaxYLimMag&apos;,&apos;185.51514&apos;,&apos;LegendVisibility&apos;,&apos;On&apos;,&apos;XGrid&apos;,true,&apos;YGrid&apos;,true,&apos;PlotMagPhase&apos;,false,&apos;AxesColor&apos;,[0 0 0],&apos;AxesTickColor&apos;,[0.686274509803922 0.686274509803922 0.686274509803922],&apos;ColorOrder&apos;,[1 1 0.0666666666666667;0.0745098039215686 0.623529411764706 1;1 0.411764705882353 0.16078431372549;0.392156862745098 0.831372549019608 0.0745098039215686;0.717647058823529 0.274509803921569 1;0.0588235294117647 1 1;1 0.0745098039215686 0.650980392156863],&apos;Title&apos;,&apos;%&lt;SignalLabel&gt;&apos;,&apos;LinePropertiesCache&apos;,{{struct(&apos;Visible&apos;,&apos;on&apos;),struct(&apos;Visible&apos;,&apos;on&apos;)}},&apos;UserDefinedChannelNames&apos;,{{&apos;Reference (deg)&apos;,&apos;Rotart arm (deg)&apos;}},&apos;NumLines&apos;,1,&apos;LineNames&apos;,{{&apos;Reference (deg)&apos;}},&apos;ShowContent&apos;,true,&apos;Placement&apos;,1)},&apos;DisplayPropertyDefaults&apos;,struct(&apos;MinYLimReal&apos;,&apos;-161.43311&apos;,&apos;MaxYLimReal&apos;,&apos;185.51514&apos;,&apos;YLabelReal&apos;,&apos;&apos;,&apos;MinYLimMag&apos;,&apos; 0.00000&apos;,&apos;MaxYLimMag&apos;,&apos;185.51514&apos;,&apos;LegendVisibility&apos;,&apos;On&apos;,&apos;XGrid&apos;,true,&apos;YGrid&apos;,true,&apos;PlotMagPhase&apos;,false,&apos;AxesColor&apos;,[0 0 0],&apos;AxesTickColor&apos;,[0.686274509803922 0.686274509803922 0.686274509803922],&apos;ColorOrder&apos;,[0.0745098039215686 0.623529411764706 1;1 0.411764705882353 0.16078431372549;1 1 0.0666666666666667;0.717647058823529 0.274509803921569 1;0.392156862745098 0.831372549019608 0.0745098039215686;0.0588235294117647 1 1;1 0.0745098039215686 0.650980392156863])),extmgr.Configuration(&apos;Tools&apos;,&apos;Plot Navigation&apos;,true,&apos;OnceAtStop&apos;,false),extmgr.Configuration(&apos;Tools&apos;,&apos;Measurements&apos;,true,&apos;Version&apos;,&apos;2020b&apos;)),&apos;Version&apos;,&apos;2020b&apos;,&apos;Position&apos;,[-86 -20 1920 963])</P>
    <P Name="NumInputPorts">1</P>
    <P Name="Floating">off</P>
  </Block>
  <Block BlockType="Integrator" Name="Integrator" SID="1128">
    <P Name="Ports">[1, 1]</P>
    <P Name="Position">[-1945, 585, -1915, 615]</P>
    <P Name="ZOrder">4042</P>
  </Block>
  <Block BlockType="Mux" Name="Mux1" SID="1012">
    <P Name="Ports">[2, 1]</P>
    <P Name="Position">[-1270, 371, -1265, 409]</P>
    <P Name="ZOrder">4021</P>
    <P Name="ShowName">off</P>
    <P Name="Inputs">2</P>
    <P Name="DisplayOption">bar</P>
  </Block>
  <Block BlockType="Mux" Name="Mux2" SID="1130">
    <P Name="Ports">[4, 1]</P>
    <P Name="Position">[-1810, 596, -1805, 634]</P>
    <P Name="ZOrder">4044</P>
    <P Name="ShowName">off</P>
    <P Name="DisplayOption">bar</P>
  </Block>
  <Block BlockType="Mux" Name="Mux4" SID="1013">
    <P Name="Ports">[2, 1]</P>
    <P Name="Position">[-1270, 306, -1265, 344]</P>
    <P Name="ZOrder">4030</P>
    <P Name="ShowName">off</P>
    <P Name="Inputs">2</P>
    <P Name="DisplayOption">bar</P>
  </Block>
  <Block BlockType="Scope" Name="Pendulum Angle (deg)2" SID="1014">
    <P Name="Ports">[1]</P>
    <P Name="Position">[-1180, 374, -1150, 406]</P>
    <P Name="ZOrder">4015</P>
    <P Name="ScopeSpecificationString">Simulink.scopes.TimeScopeBlockCfg(&apos;CurrentConfiguration&apos;, extmgr.ConfigurationSet(extmgr.Configuration(&apos;Core&apos;,&apos;General UI&apos;,true),extmgr.Configuration(&apos;Core&apos;,&apos;Source UI&apos;,true),extmgr.Configuration(&apos;Sources&apos;,&apos;WiredSimulink&apos;,true,&apos;DataLoggingVariableName&apos;,&apos;ScopeData3&apos;),extmgr.Configuration(&apos;Visuals&apos;,&apos;Time Domain&apos;,true,&apos;SerializedDisplays&apos;,{struct(&apos;MinYLimReal&apos;,&apos;-40.60547&apos;,&apos;MaxYLimReal&apos;,&apos;404.12109&apos;,&apos;YLabelReal&apos;,&apos;&apos;,&apos;MinYLimMag&apos;,&apos;0.00000&apos;,&apos;MaxYLimMag&apos;,&apos;404.12109&apos;,&apos;LegendVisibility&apos;,&apos;On&apos;,&apos;XGrid&apos;,true,&apos;YGrid&apos;,true,&apos;PlotMagPhase&apos;,false,&apos;AxesColor&apos;,[0 0 0],&apos;AxesTickColor&apos;,[0.686274509803922 0.686274509803922 0.686274509803922],&apos;ColorOrder&apos;,[1 1 0.0666666666666667;0.0745098039215686 0.623529411764706 1;1 0.411764705882353 0.16078431372549;0.392156862745098 0.831372549019608 0.0745098039215686;0.717647058823529 0.274509803921569 1;0.0588235294117647 1 1;1 0.0745098039215686 0.650980392156863],&apos;Title&apos;,&apos;%&lt;SignalLabel&gt;&apos;,&apos;LinePropertiesCache&apos;,{{}},&apos;UserDefinedChannelNames&apos;,{{&apos;Pendulum Angle(deg)&apos;}},&apos;NumLines&apos;,2,&apos;LineNames&apos;,{{&apos;Pendulum Angle(deg)&apos;,&apos;Radians to Degrees8:2&apos;}},&apos;ShowContent&apos;,true,&apos;Placement&apos;,1)},&apos;DisplayPropertyDefaults&apos;,struct(&apos;MinYLimReal&apos;,&apos;-40.60547&apos;,&apos;MaxYLimReal&apos;,&apos;404.12109&apos;,&apos;YLabelReal&apos;,&apos;&apos;,&apos;MinYLimMag&apos;,&apos;0.00000&apos;,&apos;MaxYLimMag&apos;,&apos;404.12109&apos;,&apos;LegendVisibility&apos;,&apos;On&apos;,&apos;XGrid&apos;,true,&apos;YGrid&apos;,true,&apos;PlotMagPhase&apos;,false,&apos;AxesColor&apos;,[0 0 0],&apos;AxesTickColor&apos;,[0.686274509803922 0.686274509803922 0.686274509803922],&apos;ColorOrder&apos;,[0.0745098039215686 0.623529411764706 1;1 0.411764705882353 0.16078431372549;1 1 0.0666666666666667;0.717647058823529 0.274509803921569 1;0.392156862745098 0.831372549019608 0.0745098039215686;0.0588235294117647 1 1;1 0.0745098039215686 0.650980392156863])),extmgr.Configuration(&apos;Tools&apos;,&apos;Plot Navigation&apos;,true,&apos;OnceAtStop&apos;,false,&apos;AutoscaleMode&apos;,&apos;Auto&apos;),extmgr.Configuration(&apos;Tools&apos;,&apos;Measurements&apos;,true,&apos;Version&apos;,&apos;2020b&apos;)),&apos;Version&apos;,&apos;2020b&apos;,&apos;Position&apos;,[1 41 1920 963])</P>
    <P Name="NumInputPorts">1</P>
    <P Name="Floating">off</P>
  </Block>
  <Block BlockType="Reference" Name="Radians&#xA;to Degrees1" SID="1015">
    <P Name="Ports">[1, 1]</P>
    <P Name="Position">[-1245, 375, -1215, 405]</P>
    <P Name="ZOrder">4010</P>
    <P Name="LibraryVersion">1.69</P>
    <P Name="SourceBlock">simulink_extras/Transformations/Radians
to Degrees</P>
    <P Name="SourceType">RadiansToDegrees</P>
    <P Name="SourceProductBaseCode">SL</P>
    <InstanceData>
      <P Name="RTWMemSecFuncInitTerm">Inherit from model</P>
      <P Name="RTWMemSecFuncExecute">Inherit from model</P>
      <P Name="RTWMemSecDataConstants">Inherit from model</P>
      <P Name="RTWMemSecDataInternal">Inherit from model</P>
      <P Name="RTWMemSecDataParameters">Inherit from model</P>
      <P Name="ContentPreviewEnabled">off</P>
    </InstanceData>
  </Block>
  <Block BlockType="Reference" Name="Radians&#xA;to Degrees2" SID="1016">
    <P Name="Ports">[1, 1]</P>
    <P Name="Position">[-1245, 310, -1215, 340]</P>
    <P Name="ZOrder">4009</P>
    <P Name="LibraryVersion">1.69</P>
    <P Name="SourceBlock">simulink_extras/Transformations/Radians
to Degrees</P>
    <P Name="SourceType">RadiansToDegrees</P>
    <P Name="SourceProductBaseCode">SL</P>
    <InstanceData>
      <P Name="RTWMemSecFuncInitTerm">Inherit from model</P>
      <P Name="RTWMemSecFuncExecute">Inherit from model</P>
      <P Name="RTWMemSecDataConstants">Inherit from model</P>
      <P Name="RTWMemSecDataInternal">Inherit from model</P>
      <P Name="RTWMemSecDataParameters">Inherit from model</P>
      <P Name="ContentPreviewEnabled">off</P>
    </InstanceData>
  </Block>
  <Block BlockType="Scope" Name="Rotary Arm (deg)1" SID="1017">
    <P Name="Ports">[1]</P>
    <P Name="Position">[-1180, 309, -1150, 341]</P>
    <P Name="ZOrder">4014</P>
    <P Name="ScopeSpecificationString">Simulink.scopes.TimeScopeBlockCfg(&apos;CurrentConfiguration&apos;, extmgr.ConfigurationSet(extmgr.Configuration(&apos;Core&apos;,&apos;General UI&apos;,true),extmgr.Configuration(&apos;Core&apos;,&apos;Source UI&apos;,true),extmgr.Configuration(&apos;Sources&apos;,&apos;WiredSimulink&apos;,true,&apos;DataLoggingVariableName&apos;,&apos;ScopeData4&apos;),extmgr.Configuration(&apos;Visuals&apos;,&apos;Time Domain&apos;,true,&apos;SerializedDisplays&apos;,{struct(&apos;MinYLimReal&apos;,&apos;-161.43311&apos;,&apos;MaxYLimReal&apos;,&apos;185.51514&apos;,&apos;YLabelReal&apos;,&apos;&apos;,&apos;MinYLimMag&apos;,&apos; 0.00000&apos;,&apos;MaxYLimMag&apos;,&apos;185.51514&apos;,&apos;LegendVisibility&apos;,&apos;On&apos;,&apos;XGrid&apos;,true,&apos;YGrid&apos;,true,&apos;PlotMagPhase&apos;,false,&apos;AxesColor&apos;,[0 0 0],&apos;AxesTickColor&apos;,[0.686274509803922 0.686274509803922 0.686274509803922],&apos;ColorOrder&apos;,[1 1 0.0666666666666667;0.0745098039215686 0.623529411764706 1;1 0.411764705882353 0.16078431372549;0.392156862745098 0.831372549019608 0.0745098039215686;0.717647058823529 0.274509803921569 1;0.0588235294117647 1 1;1 0.0745098039215686 0.650980392156863],&apos;Title&apos;,&apos;%&lt;SignalLabel&gt;&apos;,&apos;LinePropertiesCache&apos;,{{struct(&apos;Visible&apos;,&apos;on&apos;),struct(&apos;Visible&apos;,&apos;on&apos;)}},&apos;UserDefinedChannelNames&apos;,{{&apos;Reference (deg)&apos;,&apos;Rotart arm (deg)&apos;}},&apos;NumLines&apos;,2,&apos;LineNames&apos;,{{&apos;Reference (deg)&apos;,&apos;Rotart arm (deg)&apos;}},&apos;ShowContent&apos;,true,&apos;Placement&apos;,1)},&apos;DisplayPropertyDefaults&apos;,struct(&apos;MinYLimReal&apos;,&apos;-161.43311&apos;,&apos;MaxYLimReal&apos;,&apos;185.51514&apos;,&apos;YLabelReal&apos;,&apos;&apos;,&apos;MinYLimMag&apos;,&apos; 0.00000&apos;,&apos;MaxYLimMag&apos;,&apos;185.51514&apos;,&apos;LegendVisibility&apos;,&apos;On&apos;,&apos;XGrid&apos;,true,&apos;YGrid&apos;,true,&apos;PlotMagPhase&apos;,false,&apos;AxesColor&apos;,[0 0 0],&apos;AxesTickColor&apos;,[0.686274509803922 0.686274509803922 0.686274509803922],&apos;ColorOrder&apos;,[0.0745098039215686 0.623529411764706 1;1 0.411764705882353 0.16078431372549;1 1 0.0666666666666667;0.717647058823529 0.274509803921569 1;0.392156862745098 0.831372549019608 0.0745098039215686;0.0588235294117647 1 1;1 0.0745098039215686 0.650980392156863])),extmgr.Configuration(&apos;Tools&apos;,&apos;Plot Navigation&apos;,true,&apos;OnceAtStop&apos;,false),extmgr.Configuration(&apos;Tools&apos;,&apos;Measurements&apos;,true,&apos;Version&apos;,&apos;2020b&apos;)),&apos;Version&apos;,&apos;2020b&apos;,&apos;Position&apos;,[18 33 1920 963])</P>
    <P Name="NumInputPorts">1</P>
    <P Name="Floating">off</P>
  </Block>
  <Block BlockType="SubSystem" Name="Rotary Pendulum Interface1" SID="1019">
    <P Name="Ports">[1, 1]</P>
    <P Name="Position">[-1805, 277, -1710, 333]</P>
    <P Name="ZOrder">4019</P>
    <P Name="RequestExecContextInheritance">off</P>
    <P Name="ContentPreviewEnabled">on</P>
    <System Ref="system_1019"/>
  </Block>
  <Block BlockType="Selector" Name="Selector1" SID="1059">
    <P Name="Ports">[1, 1]</P>
    <P Name="Position">[-1455, 316, -1415, 354]</P>
    <P Name="ZOrder">4017</P>
    <P Name="InputPortWidth">4</P>
    <P Name="IndexOptions">Index vector (dialog)</P>
    <P Name="Indices">[1 2]</P>
    <P Name="OutputSizes">1</P>
  </Block>
  <Block BlockType="SignalGenerator" Name="Signal&#xA;Generator1" SID="1060">
    <P Name="Ports">[0, 1]</P>
    <P Name="Position">[-2715, 300, -2685, 330]</P>
    <P Name="ZOrder">4032</P>
    <P Name="WaveForm">square</P>
    <P Name="Amplitude">30</P>
    <P Name="Frequency">0.5</P>
    <P Name="Units">rad/sec</P>
  </Block>
  <Block BlockType="Sum" Name="Sum1" SID="1061">
    <P Name="Ports">[2, 1]</P>
    <P Name="Position">[-2445, 305, -2425, 325]</P>
    <P Name="ZOrder">4033</P>
    <P Name="ShowName">off</P>
    <P Name="Inputs">|++</P>
  </Block>
  <Block BlockType="Sum" Name="Sum2" SID="1062">
    <P Name="Ports">[2, 1]</P>
    <P Name="Position">[-2350, 305, -2330, 325]</P>
    <P Name="ZOrder">4008</P>
    <P Name="ShowName">off</P>
    <P Name="Inputs">|+-</P>
  </Block>
  <Block BlockType="SubSystem" Name="Theta absolute1" SID="1063">
    <P Name="Ports">[1, 1]</P>
    <P Name="Position">[-2045, 137, -1950, 193]</P>
    <P Name="ZOrder">4020</P>
    <P Name="BlockMirror">on</P>
    <P Name="RequestExecContextInheritance">off</P>
    <P Name="ContentPreviewEnabled">on</P>
    <System Ref="system_1063"/>
  </Block>
  <Block BlockType="Scope" Name="alpha" SID="1070">
    <P Name="Ports">[1]</P>
    <P Name="Position">[-1890, 389, -1860, 421]</P>
    <P Name="ZOrder">4024</P>
    <P Name="ScopeSpecificationString">Simulink.scopes.TimeScopeBlockCfg(&apos;CurrentConfiguration&apos;, extmgr.ConfigurationSet(extmgr.Configuration(&apos;Core&apos;,&apos;General UI&apos;,true),extmgr.Configuration(&apos;Core&apos;,&apos;Source UI&apos;,true),extmgr.Configuration(&apos;Sources&apos;,&apos;WiredSimulink&apos;,true,&apos;DataLoggingVariableName&apos;,&apos;ScopeData6&apos;),extmgr.Configuration(&apos;Visuals&apos;,&apos;Time Domain&apos;,true,&apos;SerializedDisplays&apos;,{struct(&apos;MinYLimReal&apos;,&apos;-2.68447&apos;,&apos;MaxYLimReal&apos;,&apos;3.26738&apos;,&apos;YLabelReal&apos;,&apos;&apos;,&apos;MinYLimMag&apos;,&apos;0.00000&apos;,&apos;MaxYLimMag&apos;,&apos;3.26738&apos;,&apos;LegendVisibility&apos;,&apos;On&apos;,&apos;XGrid&apos;,true,&apos;YGrid&apos;,true,&apos;PlotMagPhase&apos;,false,&apos;AxesColor&apos;,[0 0 0],&apos;AxesTickColor&apos;,[0.686274509803922 0.686274509803922 0.686274509803922],&apos;ColorOrder&apos;,[1 1 0.0666666666666667;0.0745098039215686 0.623529411764706 1;1 0.411764705882353 0.16078431372549;0.392156862745098 0.831372549019608 0.0745098039215686;0.717647058823529 0.274509803921569 1;0.0588235294117647 1 1;1 0.0745098039215686 0.650980392156863],&apos;Title&apos;,&apos;%&lt;SignalLabel&gt;&apos;,&apos;LinePropertiesCache&apos;,{{struct(&apos;Visible&apos;,&apos;on&apos;),struct(&apos;Visible&apos;,&apos;on&apos;)}},&apos;UserDefinedChannelNames&apos;,{{&apos;Reference (deg)&apos;,&apos;Rotart arm (deg)&apos;}},&apos;NumLines&apos;,1,&apos;LineNames&apos;,{{&apos;Reference (deg)&apos;}},&apos;ShowContent&apos;,true,&apos;Placement&apos;,1)},&apos;DisplayPropertyDefaults&apos;,struct(&apos;MinYLimReal&apos;,&apos;-2.68447&apos;,&apos;MaxYLimReal&apos;,&apos;3.26738&apos;,&apos;YLabelReal&apos;,&apos;&apos;,&apos;MinYLimMag&apos;,&apos;0.00000&apos;,&apos;MaxYLimMag&apos;,&apos;3.26738&apos;,&apos;LegendVisibility&apos;,&apos;On&apos;,&apos;XGrid&apos;,true,&apos;YGrid&apos;,true,&apos;PlotMagPhase&apos;,false,&apos;AxesColor&apos;,[0 0 0],&apos;AxesTickColor&apos;,[0.686274509803922 0.686274509803922 0.686274509803922],&apos;ColorOrder&apos;,[0.0745098039215686 0.623529411764706 1;1 0.411764705882353 0.16078431372549;1 1 0.0666666666666667;0.717647058823529 0.274509803921569 1;0.392156862745098 0.831372549019608 0.0745098039215686;0.0588235294117647 1 1;1 0.0745098039215686 0.650980392156863])),extmgr.Configuration(&apos;Tools&apos;,&apos;Plot Navigation&apos;,true,&apos;OnceAtStop&apos;,false),extmgr.Configuration(&apos;Tools&apos;,&apos;Measurements&apos;,true,&apos;Version&apos;,&apos;2020b&apos;)),&apos;Version&apos;,&apos;2020b&apos;,&apos;Position&apos;,[1 41 1920 963])</P>
    <P Name="NumInputPorts">1</P>
    <P Name="Floating">off</P>
  </Block>
  <Block BlockType="Scope" Name="alphadot" SID="1071">
    <P Name="Ports">[1]</P>
    <P Name="Position">[-1760, 389, -1730, 421]</P>
    <P Name="ZOrder">4027</P>
    <P Name="ScopeSpecificationString">Simulink.scopes.TimeScopeBlockCfg(&apos;CurrentConfiguration&apos;, extmgr.ConfigurationSet(extmgr.Configuration(&apos;Core&apos;,&apos;General UI&apos;,true),extmgr.Configuration(&apos;Core&apos;,&apos;Source UI&apos;,true),extmgr.Configuration(&apos;Sources&apos;,&apos;WiredSimulink&apos;,true,&apos;DataLoggingVariableName&apos;,&apos;ScopeData7&apos;),extmgr.Configuration(&apos;Visuals&apos;,&apos;Time Domain&apos;,true,&apos;SerializedDisplays&apos;,{struct(&apos;MinYLimReal&apos;,&apos;-1.71372&apos;,&apos;MaxYLimReal&apos;,&apos;1.12685&apos;,&apos;YLabelReal&apos;,&apos;&apos;,&apos;MinYLimMag&apos;,&apos;0.00000&apos;,&apos;MaxYLimMag&apos;,&apos;1.71372&apos;,&apos;LegendVisibility&apos;,&apos;On&apos;,&apos;XGrid&apos;,true,&apos;YGrid&apos;,true,&apos;PlotMagPhase&apos;,false,&apos;AxesColor&apos;,[0 0 0],&apos;AxesTickColor&apos;,[0.686274509803922 0.686274509803922 0.686274509803922],&apos;ColorOrder&apos;,[1 1 0.0666666666666667;0.0745098039215686 0.623529411764706 1;1 0.411764705882353 0.16078431372549;0.392156862745098 0.831372549019608 0.0745098039215686;0.717647058823529 0.274509803921569 1;0.0588235294117647 1 1;1 0.0745098039215686 0.650980392156863],&apos;Title&apos;,&apos;%&lt;SignalLabel&gt;&apos;,&apos;LinePropertiesCache&apos;,{{struct(&apos;Visible&apos;,&apos;on&apos;),struct(&apos;Visible&apos;,&apos;on&apos;)}},&apos;UserDefinedChannelNames&apos;,{{&apos;Reference (deg)&apos;,&apos;Rotart arm (deg)&apos;}},&apos;NumLines&apos;,1,&apos;LineNames&apos;,{{&apos;Reference (deg)&apos;}},&apos;ShowContent&apos;,true,&apos;Placement&apos;,1)},&apos;DisplayPropertyDefaults&apos;,struct(&apos;MinYLimReal&apos;,&apos;-1.71372&apos;,&apos;MaxYLimReal&apos;,&apos;1.12685&apos;,&apos;YLabelReal&apos;,&apos;&apos;,&apos;MinYLimMag&apos;,&apos;0.00000&apos;,&apos;MaxYLimMag&apos;,&apos;1.71372&apos;,&apos;LegendVisibility&apos;,&apos;On&apos;,&apos;XGrid&apos;,true,&apos;YGrid&apos;,true,&apos;PlotMagPhase&apos;,false,&apos;AxesColor&apos;,[0 0 0],&apos;AxesTickColor&apos;,[0.686274509803922 0.686274509803922 0.686274509803922],&apos;ColorOrder&apos;,[0.0745098039215686 0.623529411764706 1;1 0.411764705882353 0.16078431372549;1 1 0.0666666666666667;0.717647058823529 0.274509803921569 1;0.392156862745098 0.831372549019608 0.0745098039215686;0.0588235294117647 1 1;1 0.0745098039215686 0.650980392156863])),extmgr.Configuration(&apos;Tools&apos;,&apos;Plot Navigation&apos;,true,&apos;OnceAtStop&apos;,false),extmgr.Configuration(&apos;Tools&apos;,&apos;Measurements&apos;,true,&apos;Version&apos;,&apos;2020b&apos;)),&apos;Version&apos;,&apos;2020b&apos;,&apos;Position&apos;,[1 41 1920 963])</P>
    <P Name="NumInputPorts">1</P>
    <P Name="Floating">off</P>
  </Block>
  <Block BlockType="SubSystem" Name="swing up controller" SID="1072">
    <P Name="Ports">[2, 1]</P>
    <P Name="Position">[-2320, 217, -2225, 273]</P>
    <P Name="ZOrder">4034</P>
    <P Name="RequestExecContextInheritance">off</P>
    <P Name="ContentPreviewEnabled">on</P>
    <System Ref="system_1072"/>
  </Block>
  <Block BlockType="Scope" Name="theta" SID="1099">
    <P Name="Ports">[1]</P>
    <P Name="Position">[-1825, 389, -1795, 421]</P>
    <P Name="ZOrder">4026</P>
    <P Name="ScopeSpecificationString">Simulink.scopes.TimeScopeBlockCfg(&apos;CurrentConfiguration&apos;, extmgr.ConfigurationSet(extmgr.Configuration(&apos;Core&apos;,&apos;General UI&apos;,true),extmgr.Configuration(&apos;Core&apos;,&apos;Source UI&apos;,true),extmgr.Configuration(&apos;Sources&apos;,&apos;WiredSimulink&apos;,true,&apos;DataLoggingVariableName&apos;,&apos;ScopeData8&apos;),extmgr.Configuration(&apos;Visuals&apos;,&apos;Time Domain&apos;,true,&apos;SerializedDisplays&apos;,{struct(&apos;MinYLimReal&apos;,&apos;-0.78195&apos;,&apos;MaxYLimReal&apos;,&apos;7.0682&apos;,&apos;YLabelReal&apos;,&apos;&apos;,&apos;MinYLimMag&apos;,&apos;0.00000&apos;,&apos;MaxYLimMag&apos;,&apos;7.0682&apos;,&apos;LegendVisibility&apos;,&apos;On&apos;,&apos;XGrid&apos;,true,&apos;YGrid&apos;,true,&apos;PlotMagPhase&apos;,false,&apos;AxesColor&apos;,[0 0 0],&apos;AxesTickColor&apos;,[0.686274509803922 0.686274509803922 0.686274509803922],&apos;ColorOrder&apos;,[1 1 0.0666666666666667;0.0745098039215686 0.623529411764706 1;1 0.411764705882353 0.16078431372549;0.392156862745098 0.831372549019608 0.0745098039215686;0.717647058823529 0.274509803921569 1;0.0588235294117647 1 1;1 0.0745098039215686 0.650980392156863],&apos;Title&apos;,&apos;%&lt;SignalLabel&gt;&apos;,&apos;LinePropertiesCache&apos;,{{struct(&apos;Visible&apos;,&apos;on&apos;),struct(&apos;Visible&apos;,&apos;on&apos;)}},&apos;UserDefinedChannelNames&apos;,{{&apos;Reference (deg)&apos;,&apos;Rotart arm (deg)&apos;}},&apos;NumLines&apos;,1,&apos;LineNames&apos;,{{&apos;Reference (deg)&apos;}},&apos;ShowContent&apos;,true,&apos;Placement&apos;,1)},&apos;DisplayPropertyDefaults&apos;,struct(&apos;MinYLimReal&apos;,&apos;-0.78195&apos;,&apos;MaxYLimReal&apos;,&apos;7.0682&apos;,&apos;YLabelReal&apos;,&apos;&apos;,&apos;MinYLimMag&apos;,&apos;0.00000&apos;,&apos;MaxYLimMag&apos;,&apos;7.0682&apos;,&apos;LegendVisibility&apos;,&apos;On&apos;,&apos;XGrid&apos;,true,&apos;YGrid&apos;,true,&apos;PlotMagPhase&apos;,false,&apos;AxesColor&apos;,[0 0 0],&apos;AxesTickColor&apos;,[0.686274509803922 0.686274509803922 0.686274509803922],&apos;ColorOrder&apos;,[0.0745098039215686 0.623529411764706 1;1 0.411764705882353 0.16078431372549;1 1 0.0666666666666667;0.717647058823529 0.274509803921569 1;0.392156862745098 0.831372549019608 0.0745098039215686;0.0588235294117647 1 1;1 0.0745098039215686 0.650980392156863])),extmgr.Configuration(&apos;Tools&apos;,&apos;Plot Navigation&apos;,true,&apos;OnceAtStop&apos;,false),extmgr.Configuration(&apos;Tools&apos;,&apos;Measurements&apos;,true,&apos;Version&apos;,&apos;2020b&apos;)),&apos;Version&apos;,&apos;2020b&apos;,&apos;Position&apos;,[1 41 1920 963])</P>
    <P Name="NumInputPorts">1</P>
    <P Name="Floating">off</P>
  </Block>
  <Block BlockType="Scope" Name="thetadot" SID="1100">
    <P Name="Ports">[1]</P>
    <P Name="Position">[-1695, 389, -1665, 421]</P>
    <P Name="ZOrder">4028</P>
    <P Name="ScopeSpecificationString">Simulink.scopes.TimeScopeBlockCfg(&apos;CurrentConfiguration&apos;, extmgr.ConfigurationSet(extmgr.Configuration(&apos;Core&apos;,&apos;General UI&apos;,true),extmgr.Configuration(&apos;Core&apos;,&apos;Source UI&apos;,true),extmgr.Configuration(&apos;Sources&apos;,&apos;WiredSimulink&apos;,true,&apos;DataLoggingVariableName&apos;,&apos;ScopeData9&apos;),extmgr.Configuration(&apos;Visuals&apos;,&apos;Time Domain&apos;,true,&apos;SerializedDisplays&apos;,{struct(&apos;MinYLimReal&apos;,&apos;-0.7854&apos;,&apos;MaxYLimReal&apos;,&apos;7.06858&apos;,&apos;YLabelReal&apos;,&apos;&apos;,&apos;MinYLimMag&apos;,&apos;0.00000&apos;,&apos;MaxYLimMag&apos;,&apos;7.06858&apos;,&apos;LegendVisibility&apos;,&apos;On&apos;,&apos;XGrid&apos;,true,&apos;YGrid&apos;,true,&apos;PlotMagPhase&apos;,false,&apos;AxesColor&apos;,[0 0 0],&apos;AxesTickColor&apos;,[0.686274509803922 0.686274509803922 0.686274509803922],&apos;ColorOrder&apos;,[1 1 0.0666666666666667;0.0745098039215686 0.623529411764706 1;1 0.411764705882353 0.16078431372549;0.392156862745098 0.831372549019608 0.0745098039215686;0.717647058823529 0.274509803921569 1;0.0588235294117647 1 1;1 0.0745098039215686 0.650980392156863],&apos;Title&apos;,&apos;%&lt;SignalLabel&gt;&apos;,&apos;LinePropertiesCache&apos;,{{struct(&apos;Visible&apos;,&apos;on&apos;),struct(&apos;Visible&apos;,&apos;on&apos;)}},&apos;UserDefinedChannelNames&apos;,{{&apos;Reference (deg)&apos;,&apos;Rotart arm (deg)&apos;}},&apos;NumLines&apos;,1,&apos;LineNames&apos;,{{&apos;Reference (deg)&apos;}},&apos;ShowContent&apos;,true,&apos;Placement&apos;,1)},&apos;DisplayPropertyDefaults&apos;,struct(&apos;MinYLimReal&apos;,&apos;-0.7854&apos;,&apos;MaxYLimReal&apos;,&apos;7.06858&apos;,&apos;YLabelReal&apos;,&apos;&apos;,&apos;MinYLimMag&apos;,&apos;0.00000&apos;,&apos;MaxYLimMag&apos;,&apos;7.06858&apos;,&apos;LegendVisibility&apos;,&apos;On&apos;,&apos;XGrid&apos;,true,&apos;YGrid&apos;,true,&apos;PlotMagPhase&apos;,false,&apos;AxesColor&apos;,[0 0 0],&apos;AxesTickColor&apos;,[0.686274509803922 0.686274509803922 0.686274509803922],&apos;ColorOrder&apos;,[0.0745098039215686 0.623529411764706 1;1 0.411764705882353 0.16078431372549;1 1 0.0666666666666667;0.717647058823529 0.274509803921569 1;0.392156862745098 0.831372549019608 0.0745098039215686;0.0588235294117647 1 1;1 0.0745098039215686 0.650980392156863])),extmgr.Configuration(&apos;Tools&apos;,&apos;Plot Navigation&apos;,true,&apos;OnceAtStop&apos;,false),extmgr.Configuration(&apos;Tools&apos;,&apos;Measurements&apos;,true,&apos;Version&apos;,&apos;2020b&apos;)),&apos;Version&apos;,&apos;2020b&apos;,&apos;Position&apos;,[1 41 1920 963])</P>
    <P Name="NumInputPorts">1</P>
    <P Name="Floating">off</P>
  </Block>
  <Block BlockType="Gain" Name="u = -K*x1" SID="1101">
    <P Name="Position">[-2295, 299, -2255, 331]</P>
    <P Name="ZOrder">4007</P>
    <P Name="Gain">K</P>
    <P Name="Multiplication">Matrix(K*u)</P>
  </Block>
  <Block BlockType="Constant" Name="upright position1" SID="1102">
    <P Name="Position">[-2685, 365, -2655, 395]</P>
    <P Name="ZOrder">4022</P>
    <P Name="Value">180</P>
    <P Name="SampleTime">0</P>
  </Block>
  <Block BlockType="Constant" Name="upright position2" SID="1104">
    <P Name="Position">[-2255, 160, -2225, 190]</P>
    <P Name="ZOrder">4035</P>
    <P Name="Value">0</P>
    <P Name="SampleTime">0</P>
  </Block>
  <Line>
    <P Name="ZOrder">1177</P>
    <P Name="Src">1005#out:1</P>
    <P Name="Dst">1061#in:1</P>
  </Line>
  <Line>
    <P Name="ZOrder">1178</P>
    <P Name="Src">1102#out:1</P>
    <P Name="Dst">1006#in:1</P>
  </Line>
  <Line>
    <P Name="ZOrder">1179</P>
    <P Name="Src">1009#out:3</P>
    <P Name="Points">[73, 0; 0, 5; 144, 0; 0, -45]</P>
    <P Name="Dst">1071#in:1</P>
  </Line>
  <Line>
    <P Name="ZOrder">1180</P>
    <P Name="Src">1004#out:1</P>
    <P Name="Points">[5, 0]</P>
    <P Name="Dst">1061#in:2</P>
  </Line>
  <Line>
    <P Name="Name">rotary ar</P>
    <P Name="ZOrder">1181</P>
    <P Name="Labels">[0, 0]</P>
    <P Name="Src">1008#out:1</P>
    <P Name="Points">[85, 0]</P>
    <P Name="Dst">1013#in:2</P>
  </Line>
  <Line>
    <P Name="ZOrder">1182</P>
    <P Name="Src">1061#out:1</P>
    <P Name="Dst">1062#in:1</P>
  </Line>
  <Line>
    <P Name="ZOrder">1183</P>
    <P Name="Src">1101#out:1</P>
    <P Name="Dst">1010#in:3</P>
  </Line>
  <Line>
    <P Name="ZOrder">1184</P>
    <P Name="Src">1009#out:1</P>
    <P Name="Points">[50, 0; 0, -20]</P>
    <P Name="Dst">1070#in:1</P>
  </Line>
  <Line>
    <P Name="ZOrder">1187</P>
    <P Name="Src">1007#out:1</P>
    <P Name="Points">[12, 0]</P>
    <Branch>
      <P Name="ZOrder">1186</P>
      <P Name="Points">[0, -212; 1260, 0; 0, 212]</P>
      <P Name="Dst">1013#in:1</P>
    </Branch>
    <Branch>
      <P Name="ZOrder">1185</P>
      <P Name="Dst">1005#in:1</P>
    </Branch>
  </Line>
  <Line>
    <P Name="ZOrder">1188</P>
    <P Name="Src">1016#out:1</P>
    <P Name="Dst">1017#in:1</P>
  </Line>
  <Line>
    <P Name="ZOrder">1191</P>
    <P Name="Src">1009#out:4</P>
    <P Name="Points">[0, 29]</P>
    <Branch>
      <P Name="ZOrder">1284</P>
      <P Name="Points">[283, 0; 0, -79]</P>
      <P Name="Dst">1100#in:1</P>
    </Branch>
    <Branch>
      <P Name="ZOrder">1278</P>
      <P Name="Points">[-378, 0; 0, -224]</P>
      <P Name="Dst">1072#in:2</P>
    </Branch>
  </Line>
  <Line>
    <P Name="ZOrder">1195</P>
    <P Name="Src">1009#out:2</P>
    <P Name="Points">[0, 8]</P>
    <Branch>
      <P Name="ZOrder">1280</P>
      <P Name="Points">[152, 0; 0, -38]</P>
      <P Name="Dst">1099#in:1</P>
    </Branch>
    <Branch>
      <P Name="ZOrder">1279</P>
      <P Name="Points">[-379, 0; 0, -213]</P>
      <P Name="Dst">1072#in:1</P>
    </Branch>
  </Line>
  <Line>
    <P Name="ZOrder">1196</P>
    <P Name="Src">1012#out:1</P>
    <P Name="Dst">1015#in:1</P>
  </Line>
  <Line>
    <P Name="ZOrder">1197</P>
    <P Name="Src">1059#out:1</P>
    <P Name="Dst">1008#in:1</P>
  </Line>
  <Line>
    <P Name="Name">origina</P>
    <P Name="FontName">Helvetica</P>
    <P Name="FontSize">9</P>
    <P Name="FontWeight">normal</P>
    <P Name="FontAngle">normal</P>
    <P Name="ZOrder">1201</P>
    <P Name="Labels">[0, 0]</P>
    <P Name="Src">1010#out:1</P>
    <P Name="Points">[23, 0; 0, 15; 105, 0]</P>
    <Branch>
      <P Name="ZOrder">1275</P>
      <P Name="Points">[0, -45]</P>
      <P Name="Dst">1123#in:1</P>
    </Branch>
    <Branch>
      <P Name="ZOrder">1273</P>
      <P Name="Dst">1019#in:1</P>
    </Branch>
  </Line>
  <Line>
    <P Name="ZOrder">1208</P>
    <P Name="Src">1019#out:1</P>
    <P Name="Points">[220, 0; 0, 30]</P>
    <Branch>
      <P Name="ZOrder">1285</P>
      <P Name="Dst">1059#in:1</P>
    </Branch>
    <Branch>
      <P Name="ZOrder">1259</P>
      <P Name="Points">[0, 32; -554, 0]</P>
      <Branch>
        <P Name="ZOrder">1262</P>
        <P Name="Points">[0, 73]</P>
        <P Name="Dst">1009#in:1</P>
      </Branch>
      <Branch>
        <P Name="ZOrder">1261</P>
        <P Name="Points">[-301, 0]</P>
        <P Name="Dst">1062#in:2</P>
      </Branch>
    </Branch>
  </Line>
  <Line>
    <P Name="ZOrder">1209</P>
    <P Name="Src">1060#out:1</P>
    <P Name="Dst">1007#in:1</P>
  </Line>
  <Line>
    <P Name="Name">pendulum</P>
    <P Name="ZOrder">1212</P>
    <P Name="Src">1008#out:2</P>
    <P Name="Points">[23, 0]</P>
    <Branch>
      <P Name="ZOrder">1211</P>
      <P Name="Labels">[1, 1]</P>
      <P Name="Points">[61, 0; 0, 35]</P>
      <P Name="Dst">1012#in:1</P>
    </Branch>
    <Branch>
      <P Name="ZOrder">1210</P>
      <P Name="Points">[0, -180]</P>
      <P Name="Dst">1063#in:1</P>
    </Branch>
  </Line>
  <Line>
    <P Name="ZOrder">1213</P>
    <P Name="Src">1015#out:1</P>
    <P Name="Dst">1014#in:1</P>
  </Line>
  <Line>
    <P Name="ZOrder">1214</P>
    <P Name="Src">1063#out:1</P>
    <P Name="Points">[-110, 0]</P>
    <P Name="Dst">1010#in:1</P>
  </Line>
  <Line>
    <P Name="ZOrder">1217</P>
    <P Name="Src">1006#out:1</P>
    <P Name="Points">[18, 0]</P>
    <Branch>
      <P Name="ZOrder">1216</P>
      <P Name="Points">[0, 103; 1262, 0]</P>
      <P Name="Dst">1012#in:2</P>
    </Branch>
    <Branch>
      <P Name="ZOrder">1215</P>
      <P Name="Dst">1004#in:1</P>
    </Branch>
  </Line>
  <Line>
    <P Name="ZOrder">1218</P>
    <P Name="Src">1013#out:1</P>
    <P Name="Dst">1016#in:1</P>
  </Line>
  <Line>
    <P Name="ZOrder">1263</P>
    <P Name="Src">1072#out:1</P>
    <P Name="Points">[27, 0; 0, 45]</P>
    <P Name="Dst">1010#in:2</P>
  </Line>
  <Line>
    <P Name="ZOrder">1286</P>
    <P Name="Src">1129#out:1</P>
    <P Name="Points">[22, 0; 0, -10]</P>
    <P Name="Dst">1128#in:1</P>
  </Line>
  <Line>
    <P Name="ZOrder">1287</P>
    <P Name="Src">1128#out:1</P>
    <P Name="Dst">1130#in:1</P>
  </Line>
  <Line>
    <P Name="ZOrder">1288</P>
    <P Name="Src">1129#out:2</P>
    <P Name="Points">[105, 0; 0, -10]</P>
    <P Name="Dst">1130#in:2</P>
  </Line>
  <Line>
    <P Name="ZOrder">1289</P>
    <P Name="Src">1129#out:3</P>
    <P Name="Points">[127, 0; 0, -10]</P>
    <P Name="Dst">1130#in:3</P>
  </Line>
  <Line>
    <P Name="ZOrder">1290</P>
    <P Name="Src">1129#out:4</P>
    <P Name="Points">[148, 0; 0, -10]</P>
    <P Name="Dst">1130#in:4</P>
  </Line>
  <Line>
    <P Name="ZOrder">1294</P>
    <P Name="Src">1062#out:1</P>
    <P Name="Dst">1101#in:1</P>
  </Line>
  <Annotation SID="1103">
    <P Name="Name">&lt;!DOCTYPE HTML PUBLIC &quot;-//W3C//DTD HTML 4.0//EN&quot; &quot;http://www.w3.org/TR/REC-html40/strict.dtd&quot;&gt;
&lt;html&gt;&lt;head&gt;&lt;meta name=&quot;qrichtext&quot; content=&quot;1&quot; /&gt;&lt;style type=&quot;text/css&quot;&gt;
p, li { white-space: pre-wrap; }
&lt;/style&gt;&lt;/head&gt;&lt;body align=&quot;left&quot; style=&quot; font-family:&apos;Helvetica&apos;; font-size:10px; font-weight:400; font-style:normal;&quot;&gt;
&lt;p align=&quot;left&quot; style=&quot; margin-top:0px; margin-bottom:0px; margin-left:0px; margin-right:0px; -qt-block-indent:0; text-indent:0px;&quot;&gt;&lt;span style=&quot; font-size:28px;&quot;&gt;Swing-Up Pole-placement Pendulum Control&lt;/span&gt;&lt;/p&gt;&lt;/body&gt;&lt;/html&gt;</P>
    <P Name="Position">[-2104, 0, -1748, 59]</P>
    <P Name="InternalMargins">[0, 0, 0, 0]</P>
    <P Name="FixedHeight">on</P>
    <P Name="FixedWidth">on</P>
    <P Name="HorizontalAlignment">left</P>
    <P Name="VerticalAlignment">top</P>
    <P Name="Interpreter">rich</P>
    <P Name="ZOrder">-13</P>
  </Annotation>
</System>
