<?xml version="1.0" encoding="utf-8"?>
<System>
  <P Name="Location">[-8, -8, 1928, 1048]</P>
  <P Name="SystemRect">[0.000000, 0.000000, 0.000000, 0.000000]</P>
  <P Name="SetExecutionDomain">off</P>
  <P Name="ExecutionDomainType">Deduce</P>
  <P Name="ZoomFactor">150</P>
  <P Name="SimulinkSubDomain">Simulink</P>
  <Block BlockType="Inport" Name="theta" SID="1064">
    <P Name="Position">[350, 208, 380, 222]</P>
    <P Name="ZOrder">1</P>
    <Port>
      <P Name="PortNumber">1</P>
      <P Name="Name">pendulum</P>
    </Port>
  </Block>
  <Block BlockType="Reference" Name="Enable Balance&#xA;Control3" SID="1065">
    <P Name="Ports">[1, 1]</P>
    <P Name="Position">[115, 153, 185, 187]</P>
    <P Name="ZOrder">386</P>
    <P Name="BlockMirror">on</P>
    <P Name="LibraryVersion">1.476</P>
    <P Name="SourceBlock">simulink/Logic and Bit
Operations/Compare
To Constant</P>
    <P Name="SourceType">Compare To Constant</P>
    <P Name="SourceProductBaseCode">SL</P>
    <InstanceData>
      <P Name="RTWMemSecFuncInitTerm">Inherit from model</P>
      <P Name="RTWMemSecFuncExecute">Inherit from model</P>
      <P Name="RTWMemSecDataConstants">Inherit from model</P>
      <P Name="RTWMemSecDataInternal">Inherit from model</P>
      <P Name="RTWMemSecDataParameters">Inherit from model</P>
      <P Name="ContentPreviewEnabled">off</P>
      <P Name="relop">&gt;=</P>
      <P Name="const">170*pi/180</P>
      <P Name="OutDataTypeStr">uint8</P>
      <P Name="ZeroCross">off</P>
    </InstanceData>
  </Block>
  <Block BlockType="Reference" Name="Enable Balance&#xA;Control4" SID="1066">
    <P Name="Ports">[1, 1]</P>
    <P Name="Position">[115, 198, 185, 232]</P>
    <P Name="ZOrder">388</P>
    <P Name="BlockMirror">on</P>
    <P Name="LibraryVersion">1.476</P>
    <P Name="SourceBlock">simulink/Logic and Bit
Operations/Compare
To Constant</P>
    <P Name="SourceType">Compare To Constant</P>
    <P Name="SourceProductBaseCode">SL</P>
    <InstanceData>
      <P Name="RTWMemSecFuncInitTerm">Inherit from model</P>
      <P Name="RTWMemSecFuncExecute">Inherit from model</P>
      <P Name="RTWMemSecDataConstants">Inherit from model</P>
      <P Name="RTWMemSecDataInternal">Inherit from model</P>
      <P Name="RTWMemSecDataParameters">Inherit from model</P>
      <P Name="ContentPreviewEnabled">off</P>
      <P Name="relop">&lt;=</P>
      <P Name="const">190*pi/180</P>
      <P Name="OutDataTypeStr">uint8</P>
      <P Name="ZeroCross">off</P>
    </InstanceData>
  </Block>
  <Block BlockType="Product" Name="Product" SID="1067">
    <P Name="Ports">[2, 1]</P>
    <P Name="Position">[-90, 92, -60, 123]</P>
    <P Name="ZOrder">389</P>
  </Block>
  <Block BlockType="Outport" Name="triger" SID="1068">
    <P Name="Position">[185, 3, 215, 17]</P>
    <P Name="ZOrder">2</P>
    <P Name="VectorParamsAs1DForOutWhenUnconnected">off</P>
  </Block>
  <Line>
    <P Name="ZOrder">1</P>
    <P Name="Src">1065#out:1</P>
    <P Name="Points">[-224, 0; 0, -70]</P>
    <P Name="Dst">1067#in:1</P>
  </Line>
  <Line>
    <P Name="Name">pendulum</P>
    <P Name="ZOrder">2</P>
    <P Name="Labels">[3, 0]</P>
    <P Name="Src">1064#out:1</P>
    <P Name="Points">[19, 0; 0, -45; -195, 0]</P>
    <Branch>
      <P Name="ZOrder">3</P>
      <P Name="Labels">[1, 0]</P>
      <P Name="Points">[0, 45]</P>
      <P Name="Dst">1066#in:1</P>
    </Branch>
    <Branch>
      <P Name="ZOrder">4</P>
      <P Name="Dst">1065#in:1</P>
    </Branch>
  </Line>
  <Line>
    <P Name="ZOrder">5</P>
    <P Name="Src">1066#out:1</P>
    <P Name="Points">[-244, 0; 0, -100]</P>
    <P Name="Dst">1067#in:2</P>
  </Line>
  <Line>
    <P Name="ZOrder">6</P>
    <P Name="Src">1067#out:1</P>
    <P Name="Points">[118, 0; 0, -100]</P>
    <P Name="Dst">1068#in:1</P>
  </Line>
  <Annotation SID="1069">
    <P Name="Name">+/- 10 deg</P>
    <P Name="Position">[127, 128, 174, 142]</P>
    <P Name="InternalMargins">[0, 0, 0, 0]</P>
    <P Name="ZOrder">-1</P>
  </Annotation>
</System>
