<?xml version="1.0" encoding="utf-8"?>
<System>
  <P Name="Location">[-8, -8, 1928, 1048]</P>
  <P Name="SystemRect">[0.000000, 0.000000, 0.000000, 0.000000]</P>
  <P Name="SetExecutionDomain">off</P>
  <P Name="ExecutionDomainType">Deduce</P>
  <P Name="ZoomFactor">150</P>
  <P Name="SimulinkSubDomain">Simulink</P>
  <Block BlockType="Inport" Name="Alpha" SID="1049">
    <P Name="Position">[10, 73, 40, 87]</P>
    <P Name="ZOrder">-1</P>
  </Block>
  <Block BlockType="Inport" Name="Theta" SID="1050">
    <P Name="Position">[65, 123, 95, 137]</P>
    <P Name="ZOrder">-2</P>
    <P Name="Port">2</P>
  </Block>
  <Block BlockType="TransferFcn" Name="1" SID="1124">
    <P Name="Position">[135, 337, 195, 373]</P>
    <P Name="ZOrder">6</P>
    <P Name="Numerator">[200 0]</P>
    <P Name="Denominator">[1 200]</P>
    <Port>
      <P Name="PortNumber">1</P>
      <P Name="Name">200s/ (s+200)</P>
    </Port>
  </Block>
  <Block BlockType="TransferFcn" Name="3" SID="1126">
    <P Name="Position">[145, -53, 205, -17]</P>
    <P Name="ZOrder">8</P>
    <P Name="Numerator">[200 0]</P>
    <P Name="Denominator">[1 200]</P>
    <Port>
      <P Name="PortNumber">1</P>
      <P Name="Name">200s/ (s+200)</P>
    </Port>
  </Block>
  <Block BlockType="TransferFcn" Name="Alpha_dot" SID="1051">
    <P Name="Position">[135, 87, 195, 123]</P>
    <P Name="ZOrder">-5</P>
    <P Name="Numerator">[140 0]</P>
    <P Name="Denominator">[1 140]</P>
    <Port>
      <P Name="PortNumber">1</P>
      <P Name="Name">140s/ (s+140)</P>
    </Port>
  </Block>
  <Block BlockType="Derivative" Name="Derivative" SID="1052">
    <P Name="Position">[150, 265, 180, 295]</P>
    <P Name="ZOrder">4</P>
    <Port>
      <P Name="PortNumber">1</P>
      <P Name="Name">Derivative</P>
    </Port>
  </Block>
  <Block BlockType="Derivative" Name="Derivative1" SID="1125">
    <P Name="Position">[145, 0, 175, 30]</P>
    <P Name="ZOrder">7</P>
    <Port>
      <P Name="PortNumber">1</P>
      <P Name="Name">Derivative</P>
    </Port>
  </Block>
  <Block BlockType="Mux" Name="Mux" SID="1053">
    <P Name="Ports">[4, 1]</P>
    <P Name="Position">[235, 67, 245, 168]</P>
    <P Name="ZOrder">-3</P>
    <P Name="ShowName">off</P>
    <P Name="DisplayOption">bar</P>
  </Block>
  <Block BlockType="TransferFcn" Name="Theta_dot2" SID="1055">
    <P Name="Position">[135, 187, 195, 223]</P>
    <P Name="ZOrder">2</P>
    <P Name="Numerator">[160 0]</P>
    <P Name="Denominator">[1 160]</P>
    <Port>
      <P Name="PortNumber">1</P>
      <P Name="Name">160s / (s+160)</P>
    </Port>
  </Block>
  <Block BlockType="Scope" Name="alpha_dot" SID="1127">
    <P Name="Ports">[3]</P>
    <P Name="Position">[285, -12, 315, 22]</P>
    <P Name="ZOrder">9</P>
    <P Name="ScopeSpecificationString">Simulink.scopes.TimeScopeBlockCfg(&apos;CurrentConfiguration&apos;, extmgr.ConfigurationSet(extmgr.Configuration(&apos;Core&apos;,&apos;General UI&apos;,true),extmgr.Configuration(&apos;Core&apos;,&apos;Source UI&apos;,true),extmgr.Configuration(&apos;Sources&apos;,&apos;WiredSimulink&apos;,true,&apos;DataLoggingVariableName&apos;,&apos;ScopeData2&apos;),extmgr.Configuration(&apos;Visuals&apos;,&apos;Time Domain&apos;,true,&apos;SerializedDisplays&apos;,{struct(&apos;MinYLimReal&apos;,&apos;-28.5488&apos;,&apos;MaxYLimReal&apos;,&apos;20.1521&apos;,&apos;YLabelReal&apos;,&apos;&apos;,&apos;MinYLimMag&apos;,&apos;0.00000&apos;,&apos;MaxYLimMag&apos;,&apos;28.5488&apos;,&apos;LegendVisibility&apos;,&apos;On&apos;,&apos;XGrid&apos;,true,&apos;YGrid&apos;,true,&apos;PlotMagPhase&apos;,false,&apos;AxesColor&apos;,[0 0 0],&apos;AxesTickColor&apos;,[0.686274509803922 0.686274509803922 0.686274509803922],&apos;ColorOrder&apos;,[1 1 0.0666666666666667;0.0745098039215686 0.623529411764706 1;1 0.411764705882353 0.16078431372549;0.392156862745098 0.831372549019608 0.0745098039215686;0.717647058823529 0.274509803921569 1;0.0588235294117647 1 1;1 0.0745098039215686 0.650980392156863],&apos;Title&apos;,&apos;%&lt;SignalLabel&gt;&apos;,&apos;LinePropertiesCache&apos;,{{struct(&apos;Visible&apos;,&apos;off&apos;),struct(&apos;Visible&apos;,&apos;on&apos;),struct(&apos;Visible&apos;,&apos;on&apos;)}},&apos;UserDefinedChannelNames&apos;,{{}},&apos;NumLines&apos;,3,&apos;LineNames&apos;,{{&apos;200s/ (s+200)&apos;,&apos;Derivative&apos;,&apos;140s/ (s+140)&apos;}},&apos;ShowContent&apos;,true,&apos;Placement&apos;,1)},&apos;DisplayPropertyDefaults&apos;,struct(&apos;MinYLimReal&apos;,&apos;-28.5488&apos;,&apos;MaxYLimReal&apos;,&apos;20.1521&apos;,&apos;YLabelReal&apos;,&apos;&apos;,&apos;MinYLimMag&apos;,&apos;0.00000&apos;,&apos;MaxYLimMag&apos;,&apos;28.5488&apos;,&apos;LegendVisibility&apos;,&apos;On&apos;,&apos;XGrid&apos;,true,&apos;YGrid&apos;,true,&apos;PlotMagPhase&apos;,false,&apos;AxesColor&apos;,[0 0 0],&apos;AxesTickColor&apos;,[0.686274509803922 0.686274509803922 0.686274509803922],&apos;ColorOrder&apos;,[0.0745098039215686 0.623529411764706 1;1 0.411764705882353 0.16078431372549;1 1 0.0666666666666667;0.717647058823529 0.274509803921569 1;0.392156862745098 0.831372549019608 0.0745098039215686;0.0588235294117647 1 1;1 0.0745098039215686 0.650980392156863])),extmgr.Configuration(&apos;Tools&apos;,&apos;Plot Navigation&apos;,true,&apos;OnceAtStop&apos;,false),extmgr.Configuration(&apos;Tools&apos;,&apos;Measurements&apos;,true,&apos;Version&apos;,&apos;2020b&apos;)),&apos;Version&apos;,&apos;2020b&apos;,&apos;Position&apos;,[1 41 1920 963])</P>
    <P Name="NumInputPorts">3</P>
    <P Name="Floating">off</P>
  </Block>
  <Block BlockType="Scope" Name="theta_dot" SID="1054">
    <P Name="Ports">[3]</P>
    <P Name="Position">[255, 243, 285, 277]</P>
    <P Name="ZOrder">5</P>
    <P Name="ScopeSpecificationString">Simulink.scopes.TimeScopeBlockCfg(&apos;CurrentConfiguration&apos;, extmgr.ConfigurationSet(extmgr.Configuration(&apos;Core&apos;,&apos;General UI&apos;,true),extmgr.Configuration(&apos;Core&apos;,&apos;Source UI&apos;,true),extmgr.Configuration(&apos;Sources&apos;,&apos;WiredSimulink&apos;,true,&apos;DataLoggingVariableName&apos;,&apos;ScopeData1&apos;),extmgr.Configuration(&apos;Visuals&apos;,&apos;Time Domain&apos;,true,&apos;SerializedDisplays&apos;,{struct(&apos;MinYLimReal&apos;,&apos;-1791.28459&apos;,&apos;MaxYLimReal&apos;,&apos;1317.78767&apos;,&apos;YLabelReal&apos;,&apos;&apos;,&apos;MinYLimMag&apos;,&apos;  0.00000&apos;,&apos;MaxYLimMag&apos;,&apos;1791.28459&apos;,&apos;LegendVisibility&apos;,&apos;On&apos;,&apos;XGrid&apos;,true,&apos;YGrid&apos;,true,&apos;PlotMagPhase&apos;,false,&apos;AxesColor&apos;,[0 0 0],&apos;AxesTickColor&apos;,[0.686274509803922 0.686274509803922 0.686274509803922],&apos;ColorOrder&apos;,[1 1 0.0666666666666667;0.0745098039215686 0.623529411764706 1;1 0.411764705882353 0.16078431372549;0.392156862745098 0.831372549019608 0.0745098039215686;0.717647058823529 0.274509803921569 1;0.0588235294117647 1 1;1 0.0745098039215686 0.650980392156863],&apos;Title&apos;,&apos;%&lt;SignalLabel&gt;&apos;,&apos;LinePropertiesCache&apos;,{{}},&apos;UserDefinedChannelNames&apos;,{{}},&apos;NumLines&apos;,3,&apos;LineNames&apos;,{{&apos;160s / (s+160)&apos;,&apos;Derivative&apos;,&apos;200s/ (s+200)&apos;}},&apos;ShowContent&apos;,true,&apos;Placement&apos;,1)},&apos;DisplayPropertyDefaults&apos;,struct(&apos;MinYLimReal&apos;,&apos;-1791.28459&apos;,&apos;MaxYLimReal&apos;,&apos;1317.78767&apos;,&apos;YLabelReal&apos;,&apos;&apos;,&apos;MinYLimMag&apos;,&apos;  0.00000&apos;,&apos;MaxYLimMag&apos;,&apos;1791.28459&apos;,&apos;LegendVisibility&apos;,&apos;On&apos;,&apos;XGrid&apos;,true,&apos;YGrid&apos;,true,&apos;PlotMagPhase&apos;,false,&apos;AxesColor&apos;,[0 0 0],&apos;AxesTickColor&apos;,[0.686274509803922 0.686274509803922 0.686274509803922],&apos;ColorOrder&apos;,[0.0745098039215686 0.623529411764706 1;1 0.411764705882353 0.16078431372549;1 1 0.0666666666666667;0.717647058823529 0.274509803921569 1;0.392156862745098 0.831372549019608 0.0745098039215686;0.0588235294117647 1 1;1 0.0745098039215686 0.650980392156863])),extmgr.Configuration(&apos;Tools&apos;,&apos;Plot Navigation&apos;,true,&apos;OnceAtStop&apos;,false),extmgr.Configuration(&apos;Tools&apos;,&apos;Measurements&apos;,true,&apos;Version&apos;,&apos;2020b&apos;)),&apos;Version&apos;,&apos;2020b&apos;,&apos;Position&apos;,[1 41 1920 963])</P>
    <P Name="NumInputPorts">3</P>
    <P Name="Floating">off</P>
  </Block>
  <Block BlockType="Outport" Name="X" SID="1056">
    <P Name="Position">[295, 113, 325, 127]</P>
    <P Name="ZOrder">-6</P>
    <P Name="VectorParamsAs1DForOutWhenUnconnected">off</P>
  </Block>
  <Line>
    <P Name="Name">140s/ (s+140)</P>
    <P Name="ZOrder">1</P>
    <P Name="Src">1051#out:1</P>
    <P Name="Points">[8, 0]</P>
    <Branch>
      <P Name="ZOrder">41</P>
      <P Name="Points">[0, 25]</P>
      <P Name="Dst">1053#in:3</P>
    </Branch>
    <Branch>
      <P Name="ZOrder">40</P>
      <P Name="Labels">[4, 0]</P>
      <P Name="Points">[0, -40; 12, 0; 0, -1; 50, 0]</P>
      <P Name="Dst">1127#in:3</P>
    </Branch>
  </Line>
  <Line>
    <P Name="ZOrder">2</P>
    <P Name="Src">1053#out:1</P>
    <P Name="Dst">1056#in:1</P>
  </Line>
  <Line>
    <P Name="ZOrder">3</P>
    <P Name="Src">1049#out:1</P>
    <P Name="Points">[75, 0]</P>
    <Branch>
      <P Name="ZOrder">4</P>
      <P Name="Dst">1053#in:1</P>
    </Branch>
    <Branch>
      <P Name="ZOrder">5</P>
      <P Name="Points">[0, 15; 7, 0]</P>
      <Branch>
        <P Name="ZOrder">37</P>
        <P Name="Points">[0, -80; 1, 0]</P>
        <Branch>
          <P Name="ZOrder">28</P>
          <P Name="Points">[0, -50]</P>
          <P Name="Dst">1126#in:1</P>
        </Branch>
        <Branch>
          <P Name="ZOrder">27</P>
          <P Name="Dst">1125#in:1</P>
        </Branch>
      </Branch>
      <Branch>
        <P Name="ZOrder">25</P>
        <P Name="Points">[0, 10]</P>
        <P Name="Dst">1051#in:1</P>
      </Branch>
    </Branch>
  </Line>
  <Line>
    <P Name="Name">160s / (s+160)</P>
    <P Name="ZOrder">11</P>
    <P Name="Src">1055#out:1</P>
    <P Name="Points">[5, 0]</P>
    <Branch>
      <P Name="ZOrder">12</P>
      <P Name="Labels">[2, 0]</P>
      <P Name="Points">[0, 45]</P>
      <P Name="Dst">1054#in:1</P>
    </Branch>
    <Branch>
      <P Name="ZOrder">13</P>
      <P Name="Points">[5, 0; 0, -50]</P>
      <P Name="Dst">1053#in:4</P>
    </Branch>
  </Line>
  <Line>
    <P Name="Name">Derivative</P>
    <P Name="ZOrder">14</P>
    <P Name="Labels">[1, 1]</P>
    <P Name="Src">1052#out:1</P>
    <P Name="Points">[38, 0; 0, -20]</P>
    <P Name="Dst">1054#in:2</P>
  </Line>
  <Line>
    <P Name="ZOrder">6</P>
    <P Name="Src">1050#out:1</P>
    <P Name="Points">[1, 0; 0, 3]</P>
    <Branch>
      <P Name="ZOrder">23</P>
      <P Name="Points">[119, 0]</P>
      <P Name="Dst">1053#in:2</P>
    </Branch>
    <Branch>
      <P Name="ZOrder">7</P>
      <P Name="Points">[0, 72]</P>
      <Branch>
        <P Name="ZOrder">22</P>
        <P Name="Dst">1055#in:1</P>
      </Branch>
      <Branch>
        <P Name="ZOrder">8</P>
        <P Name="Points">[0, 75]</P>
        <Branch>
          <P Name="ZOrder">24</P>
          <P Name="Dst">1052#in:1</P>
        </Branch>
        <Branch>
          <P Name="ZOrder">17</P>
          <P Name="Points">[0, 75]</P>
          <P Name="Dst">1124#in:1</P>
        </Branch>
      </Branch>
    </Branch>
  </Line>
  <Line>
    <P Name="Name">200s/ (s+200)</P>
    <P Name="ZOrder">19</P>
    <P Name="Labels">[2, 1]</P>
    <P Name="Src">1124#out:1</P>
    <P Name="Points">[39, 0; 0, -85]</P>
    <P Name="Dst">1054#in:3</P>
  </Line>
  <Line>
    <P Name="Name">200s/ (s+200)</P>
    <P Name="ZOrder">29</P>
    <P Name="Labels">[0, 0]</P>
    <P Name="Src">1126#out:1</P>
    <P Name="Points">[35, 0; 0, 30]</P>
    <P Name="Dst">1127#in:1</P>
  </Line>
  <Line>
    <P Name="Name">Derivative</P>
    <P Name="ZOrder">30</P>
    <P Name="Labels">[1, 1]</P>
    <P Name="Src">1125#out:1</P>
    <P Name="Points">[70, 0; 0, -10]</P>
    <P Name="Dst">1127#in:2</P>
  </Line>
  <Annotation SID="1057">
    <P Name="Name">&lt;!DOCTYPE HTML PUBLIC &quot;-//W3C//DTD HTML 4.0//EN&quot; &quot;http://www.w3.org/TR/REC-html40/strict.dtd&quot;&gt;
&lt;html&gt;&lt;head&gt;&lt;meta name=&quot;qrichtext&quot; content=&quot;1&quot; /&gt;&lt;style type=&quot;text/css&quot;&gt;
p, li { white-space: pre-wrap; }
&lt;/style&gt;&lt;/head&gt;&lt;body align=&quot;center&quot; style=&quot; font-family:&apos;Helvetica&apos;; font-size:10px; font-weight:400; font-style:normal;&quot;&gt;
&lt;p align=&quot;center&quot; style=&quot; margin-top:0px; margin-bottom:0px; margin-left:0px; margin-right:0px; -qt-block-indent:1; text-indent:0px;&quot;&gt;X = [Alpha, Theta, Alpha_dot, Theta_dot]&lt;/p&gt;&lt;/body&gt;&lt;/html&gt;</P>
    <P Name="Position">[281, 143, 487, 157]</P>
    <P Name="InternalMargins">[0, 0, 0, 0]</P>
    <P Name="Interpreter">rich</P>
    <P Name="ZOrder">-1</P>
  </Annotation>
</System>
