<?xml version="1.0" encoding="utf-8"?>
<System>
  <P Name="Location">[-8, -8, 1928, 1048]</P>
  <P Name="SystemRect">[0.000000, 0.000000, 0.000000, 0.000000]</P>
  <P Name="SetExecutionDomain">off</P>
  <P Name="ExecutionDomainType">Deduce</P>
  <P Name="ZoomFactor">150</P>
  <P Name="SimulinkSubDomain">Simulink</P>
  <Block BlockType="Inport" Name="theta" SID="1073">
    <P Name="Position">[-295, 168, -265, 182]</P>
    <P Name="ZOrder">1</P>
    <Port>
      <P Name="PortNumber">1</P>
      <P Name="Name">pendulum</P>
    </Port>
  </Block>
  <Block BlockType="Inport" Name="theta_dot" SID="1074">
    <P Name="Position">[445, 118, 475, 132]</P>
    <P Name="ZOrder">391</P>
    <P Name="BlockMirror">on</P>
    <P Name="Port">2</P>
    <Port>
      <P Name="PortNumber">1</P>
      <P Name="Name">pendulum</P>
    </Port>
  </Block>
  <Block BlockType="Constant" Name="Constant" SID="1075">
    <P Name="Position">[-60, 105, -30, 135]</P>
    <P Name="ZOrder">4013</P>
  </Block>
  <Block BlockType="Constant" Name="Constant1" SID="1076">
    <P Name="Position">[235, 170, 265, 200]</P>
    <P Name="ZOrder">4014</P>
  </Block>
  <Block BlockType="Constant" Name="Constant2" SID="1077">
    <P Name="Position">[-155, 185, -125, 215]</P>
    <P Name="ZOrder">4022</P>
  </Block>
  <Block BlockType="Sum" Name="Energy" SID="1078">
    <P Name="Ports">[2, 1]</P>
    <P Name="Position">[55, 197, 80, 253]</P>
    <P Name="ZOrder">4021</P>
    <P Name="IconShape">rectangular</P>
    <P Name="SaturateOnIntegerOverflow">on</P>
  </Block>
  <Block BlockType="Reference" Name="Er (mJ)" SID="1079">
    <P Name="Ports">[1, 1]</P>
    <P Name="Position">[-10, 105, 20, 135]</P>
    <P Name="ZOrder">4012</P>
    <P Name="LibraryVersion">1.476</P>
    <P Name="SourceBlock">simulink/Math
Operations/Slider
Gain</P>
    <P Name="SourceType">Slider Gain</P>
    <P Name="SourceProductBaseCode">SL</P>
    <InstanceData>
      <P Name="RTWMemSecFuncInitTerm">Inherit from model</P>
      <P Name="RTWMemSecFuncExecute">Inherit from model</P>
      <P Name="RTWMemSecDataConstants">Inherit from model</P>
      <P Name="RTWMemSecDataInternal">Inherit from model</P>
      <P Name="RTWMemSecDataParameters">Inherit from model</P>
      <P Name="ContentPreviewEnabled">on</P>
      <P Name="gain">89.0</P>
      <P Name="low">0</P>
      <P Name="high">100</P>
    </InstanceData>
  </Block>
  <Block BlockType="Gain" Name="Gain1" SID="1080">
    <P Name="Position">[480, 240, 510, 270]</P>
    <P Name="ZOrder">4006</P>
    <P Name="Gain">mr*r*Rm/kt</P>
  </Block>
  <Block BlockType="Gain" Name="Gain4" SID="1081">
    <P Name="Position">[325, 195, 355, 225]</P>
    <P Name="ZOrder">4009</P>
    <P Name="Gain">ke</P>
  </Block>
  <Block BlockType="Gain" Name="Gain5" SID="1082">
    <P Name="Position">[280, 170, 310, 200]</P>
    <P Name="ZOrder">4010</P>
    <P Name="Gain">u_max</P>
  </Block>
  <Block BlockType="Scope" Name="Motor Voltage (V)1" SID="1083">
    <P Name="Ports">[2]</P>
    <P Name="Position">[525, 326, 555, 359]</P>
    <P Name="ZOrder">4026</P>
    <P Name="ScopeSpecificationString">Simulink.scopes.TimeScopeBlockCfg(&apos;CurrentConfiguration&apos;, extmgr.ConfigurationSet(extmgr.Configuration(&apos;Core&apos;,&apos;General UI&apos;,true),extmgr.Configuration(&apos;Core&apos;,&apos;Source UI&apos;,true),extmgr.Configuration(&apos;Sources&apos;,&apos;WiredSimulink&apos;,true,&apos;DataLoggingSaveFormat&apos;,&apos;StructureWithTime&apos;,&apos;DataLoggingLimitDataPoints&apos;,true,&apos;DataLoggingDecimation&apos;,&apos;1&apos;,&apos;DataLoggingDecimateData&apos;,true,&apos;DataLoggingVariableName&apos;,&apos;ScopeData8&apos;),extmgr.Configuration(&apos;Visuals&apos;,&apos;Time Domain&apos;,true,&apos;SerializedDisplays&apos;,{struct(&apos;MinYLimReal&apos;,&apos;-20.1875&apos;,&apos;MaxYLimReal&apos;,&apos;20.1875&apos;,&apos;YLabelReal&apos;,&apos;&apos;,&apos;MinYLimMag&apos;,&apos;0.00000&apos;,&apos;MaxYLimMag&apos;,&apos;20.1875&apos;,&apos;LegendVisibility&apos;,&apos;On&apos;,&apos;XGrid&apos;,true,&apos;YGrid&apos;,true,&apos;PlotMagPhase&apos;,false,&apos;AxesColor&apos;,[0 0 0],&apos;AxesTickColor&apos;,[0.686274509803922 0.686274509803922 0.686274509803922],&apos;ColorOrder&apos;,[1 1 0.0666666666666667;0.0745098039215686 0.623529411764706 1;1 0.411764705882353 0.16078431372549;0.392156862745098 0.831372549019608 0.0745098039215686;0.717647058823529 0.274509803921569 1;0.0588235294117647 1 1;1 0.0745098039215686 0.650980392156863],&apos;Title&apos;,&apos;%&lt;SignalLabel&gt;&apos;,&apos;LinePropertiesCache&apos;,{{struct(&apos;Visible&apos;,&apos;on&apos;),struct(&apos;Visible&apos;,&apos;on&apos;)}},&apos;UserDefinedChannelNames&apos;,{{}},&apos;NumLines&apos;,2,&apos;LineNames&apos;,{{&apos;Gain1&apos;,&apos;Channel 2&apos;}},&apos;ShowContent&apos;,true,&apos;Placement&apos;,1)},&apos;DisplayPropertyDefaults&apos;,struct(&apos;MinYLimReal&apos;,&apos;-20.1875&apos;,&apos;MaxYLimReal&apos;,&apos;20.1875&apos;,&apos;YLabelReal&apos;,&apos;&apos;,&apos;MinYLimMag&apos;,&apos;0.00000&apos;,&apos;MaxYLimMag&apos;,&apos;20.1875&apos;,&apos;LegendVisibility&apos;,&apos;On&apos;,&apos;XGrid&apos;,true,&apos;YGrid&apos;,true,&apos;PlotMagPhase&apos;,false,&apos;AxesColor&apos;,[0 0 0],&apos;AxesTickColor&apos;,[0.686274509803922 0.686274509803922 0.686274509803922],&apos;ColorOrder&apos;,[1 1 0.0666666666666667;0.0745098039215686 0.623529411764706 1;1 0.411764705882353 0.16078431372549;0.392156862745098 0.831372549019608 0.0745098039215686;0.717647058823529 0.274509803921569 1;0.0588235294117647 1 1;1 0.0745098039215686 0.650980392156863],&apos;Title&apos;,&apos;%&lt;SignalLabel&gt;&apos;,&apos;LinePropertiesCache&apos;,{{}},&apos;UserDefinedChannelNames&apos;,{{}},&apos;NumLines&apos;,0,&apos;LineNames&apos;,{{[]}},&apos;ShowContent&apos;,true,&apos;Placement&apos;,1),&apos;TimeRangeSamples&apos;,&apos;10&apos;,&apos;TimeRangeFrames&apos;,&apos;10&apos;),extmgr.Configuration(&apos;Tools&apos;,&apos;Plot Navigation&apos;,true,&apos;OnceAtStop&apos;,false,&apos;PreviousAutoscale&apos;,&apos;XY&apos;),extmgr.Configuration(&apos;Tools&apos;,&apos;Measurements&apos;,true,&apos;Version&apos;,&apos;2020b&apos;)),&apos;Version&apos;,&apos;2020b&apos;,&apos;Location&apos;,[1 76 1921 1039])</P>
    <P Name="NumInputPorts">2</P>
    <P Name="Floating">off</P>
  </Block>
  <Block BlockType="Gain" Name="Pend Inertia&#xA;(kg.m^2)" SID="1084">
    <P Name="Position">[-15, 228, 30, 252]</P>
    <P Name="ZOrder">4020</P>
    <P Name="Gain">Jp/2</P>
  </Block>
  <Block BlockType="Gain" Name="Pend Torque&#xA;(N.m)" SID="1085">
    <P Name="Position">[-20, 186, 35, 214]</P>
    <P Name="ZOrder">4019</P>
    <P Name="Gain">mp*g*l</P>
  </Block>
  <Block BlockType="Product" Name="Product" SID="1086">
    <P Name="Ports">[2, 1]</P>
    <P Name="Position">[190, 192, 220, 223]</P>
    <P Name="ZOrder">4024</P>
    <P Name="RndMeth">Zero</P>
  </Block>
  <Block BlockType="Signum" Name="Sign" SID="1087">
    <P Name="Position">[190, 120, 220, 150]</P>
    <P Name="ZOrder">4016</P>
    <P Name="BlockMirror">on</P>
  </Block>
  <Block BlockType="Sum" Name="Sum2" SID="1088">
    <P Name="Ports">[2, 1]</P>
    <P Name="Position">[-70, 162, -50, 213]</P>
    <P Name="ZOrder">4018</P>
    <P Name="ShowName">off</P>
    <P Name="IconShape">rectangular</P>
    <P Name="Inputs">-+</P>
    <P Name="SaturateOnIntegerOverflow">on</P>
  </Block>
  <Block BlockType="Sum" Name="Sum3" SID="1089">
    <P Name="Ports">[2, 1]</P>
    <P Name="Position">[125, 187, 145, 238]</P>
    <P Name="ZOrder">4023</P>
    <P Name="ShowName">off</P>
    <P Name="IconShape">rectangular</P>
    <P Name="Inputs">+-</P>
    <P Name="SaturateOnIntegerOverflow">on</P>
  </Block>
  <Block BlockType="UnaryMinus" Name="Unary Minus" SID="1090">
    <P Name="Position">[375, 222, 390, 238]</P>
    <P Name="ZOrder">4008</P>
  </Block>
  <Block BlockType="Reference" Name="User Specified&#xA;Acceleration Limit" SID="1091">
    <P Name="Ports">[3, 1]</P>
    <P Name="Position">[410, 176, 455, 244]</P>
    <P Name="ZOrder">4007</P>
    <P Name="LibraryVersion">1.476</P>
    <P Name="SourceBlock">simulink/Discontinuities/Saturation
Dynamic</P>
    <P Name="SourceType">Saturation Dynamic</P>
    <P Name="SourceProductBaseCode">SL</P>
    <InstanceData>
      <P Name="RTWMemSecFuncInitTerm">Inherit from model</P>
      <P Name="RTWMemSecFuncExecute">Inherit from model</P>
      <P Name="RTWMemSecDataConstants">Inherit from model</P>
      <P Name="RTWMemSecDataInternal">Inherit from model</P>
      <P Name="RTWMemSecDataParameters">Inherit from model</P>
      <P Name="ContentPreviewEnabled">off</P>
      <P Name="OutMin">-u_max</P>
      <P Name="OutMax">u_max</P>
      <P Name="OutDataTypeStr">Inherit: Same as second input</P>
      <P Name="OutputDataTypeScalingMode">Same as second input</P>
      <P Name="OutDataType">fixdt(1, 16)</P>
      <P Name="OutScaling">2^-10</P>
      <P Name="LockScale">off</P>
      <P Name="RndMeth">Floor</P>
      <P Name="DoSatur">off</P>
    </InstanceData>
  </Block>
  <Block BlockType="Trigonometry" Name="cos(theta)" SID="1092">
    <P Name="Ports">[1, 1]</P>
    <P Name="Position">[-205, 160, -175, 190]</P>
    <P Name="ZOrder">4025</P>
    <P Name="Operator">cos</P>
  </Block>
  <Block BlockType="Gain" Name="mJ to J" SID="1093">
    <P Name="Position">[40, 105, 70, 135]</P>
    <P Name="ZOrder">4011</P>
    <P Name="Gain">0.001</P>
  </Block>
  <Block BlockType="Product" Name="theta_dot*cos(theta)" SID="1094">
    <P Name="Ports">[2, 1]</P>
    <P Name="Position">[260, 117, 290, 148]</P>
    <P Name="ZOrder">4015</P>
    <P Name="BlockMirror">on</P>
    <P Name="RndMeth">Zero</P>
  </Block>
  <Block BlockType="Math" Name="theta_dot^2" SID="1095">
    <P Name="Ports">[1, 1]</P>
    <P Name="Position">[-70, 225, -40, 255]</P>
    <P Name="ZOrder">4017</P>
    <P Name="Operator">square</P>
    <P Name="SignedPower">on</P>
  </Block>
  <Block BlockType="Outport" Name="votage" SID="1096">
    <P Name="Position">[545, 248, 575, 262]</P>
    <P Name="ZOrder">390</P>
    <P Name="VectorParamsAs1DForOutWhenUnconnected">off</P>
  </Block>
  <Line>
    <P Name="ZOrder">1</P>
    <P Name="Src">1082#out:1</P>
    <P Name="Points">[64, 0; 0, 5]</P>
    <Branch>
      <P Name="ZOrder">2</P>
      <P Name="Points">[-16, 0; 0, 40]</P>
      <P Name="Dst">1090#in:1</P>
    </Branch>
    <Branch>
      <P Name="ZOrder">3</P>
      <P Name="Dst">1091#in:1</P>
    </Branch>
  </Line>
  <Line>
    <P Name="ZOrder">4</P>
    <P Name="Src">1076#out:1</P>
    <P Name="Dst">1082#in:1</P>
  </Line>
  <Line>
    <P Name="ZOrder">5</P>
    <P Name="Src">1079#out:1</P>
    <P Name="Dst">1093#in:1</P>
  </Line>
  <Line>
    <P Name="ZOrder">6</P>
    <P Name="Src">1091#out:1</P>
    <P Name="Points">[5, 0]</P>
    <P Name="Dst">1080#in:1</P>
  </Line>
  <Line>
    <P Name="ZOrder">7</P>
    <P Name="Src">1078#out:1</P>
    <P Name="Dst">1089#in:2</P>
  </Line>
  <Line>
    <P Name="ZOrder">8</P>
    <P Name="Src">1094#out:1</P>
    <P Name="Dst">1087#in:1</P>
  </Line>
  <Line>
    <P Name="ZOrder">9</P>
    <P Name="Src">1077#out:1</P>
    <P Name="Dst">1088#in:2</P>
  </Line>
  <Line>
    <P Name="ZOrder">10</P>
    <P Name="Src">1088#out:1</P>
    <P Name="Points">[10, 0]</P>
    <P Name="Dst">1085#in:1</P>
  </Line>
  <Line>
    <P Name="ZOrder">11</P>
    <P Name="Src">1085#out:1</P>
    <P Name="Dst">1078#in:1</P>
  </Line>
  <Line>
    <P Name="ZOrder">12</P>
    <P Name="Src">1095#out:1</P>
    <P Name="Dst">1084#in:1</P>
  </Line>
  <Line>
    <P Name="ZOrder">13</P>
    <P Name="Src">1089#out:1</P>
    <P Name="Dst">1086#in:2</P>
  </Line>
  <Line>
    <P Name="ZOrder">14</P>
    <P Name="Src">1086#out:1</P>
    <P Name="Dst">1081#in:1</P>
  </Line>
  <Line>
    <P Name="ZOrder">15</P>
    <P Name="Src">1080#out:1</P>
    <P Name="Points">[4, 0]</P>
    <Branch>
      <P Name="ZOrder">16</P>
      <P Name="Points">[0, 80]</P>
      <P Name="Dst">1083#in:1</P>
    </Branch>
    <Branch>
      <P Name="ZOrder">17</P>
      <P Name="Dst">1096#in:1</P>
    </Branch>
  </Line>
  <Line>
    <P Name="ZOrder">18</P>
    <P Name="Src">1087#out:1</P>
    <P Name="Points">[-10, 0]</P>
    <P Name="Dst">1086#in:1</P>
  </Line>
  <Line>
    <P Name="ZOrder">19</P>
    <P Name="Src">1075#out:1</P>
    <P Name="Dst">1079#in:1</P>
  </Line>
  <Line>
    <P Name="ZOrder">20</P>
    <P Name="Src">1090#out:1</P>
    <P Name="Dst">1091#in:3</P>
  </Line>
  <Line>
    <P Name="ZOrder">21</P>
    <P Name="Src">1081#out:1</P>
    <P Name="Dst">1091#in:2</P>
  </Line>
  <Line>
    <P Name="ZOrder">22</P>
    <P Name="Src">1084#out:1</P>
    <P Name="Dst">1078#in:2</P>
  </Line>
  <Line>
    <P Name="ZOrder">23</P>
    <P Name="Src">1093#out:1</P>
    <P Name="Points">[28, 0; 0, 80]</P>
    <P Name="Dst">1089#in:1</P>
  </Line>
  <Line>
    <P Name="Name">pendulum</P>
    <P Name="ZOrder">24</P>
    <P Name="Labels">[0, 0]</P>
    <P Name="Src">1073#out:1</P>
    <P Name="Dst">1092#in:1</P>
  </Line>
  <Line>
    <P Name="ZOrder">25</P>
    <P Name="Src">1092#out:1</P>
    <P Name="Points">[40, 0]</P>
    <Branch>
      <P Name="ZOrder">26</P>
      <P Name="Points">[0, -94; 444, 0; 0, 59]</P>
      <P Name="Dst">1094#in:2</P>
    </Branch>
    <Branch>
      <P Name="ZOrder">27</P>
      <P Name="Dst">1088#in:1</P>
    </Branch>
  </Line>
  <Line>
    <P Name="Name">pendulum</P>
    <P Name="ZOrder">28</P>
    <P Name="Labels">[0, 0]</P>
    <P Name="Src">1074#out:1</P>
    <P Name="Points">[-113, 0]</P>
    <Branch>
      <P Name="ZOrder">29</P>
      <P Name="Points">[0, -65; -428, 0; 0, 180]</P>
      <P Name="Dst">1095#in:1</P>
    </Branch>
    <Branch>
      <P Name="ZOrder">30</P>
      <P Name="Dst">1094#in:1</P>
    </Branch>
  </Line>
  <Annotation SID="1098">
    <P Name="Name">Kinetic Energy</P>
    <P Name="Position">[-25, 226, 41, 240]</P>
    <P Name="InternalMargins">[0, 0, 0, 0]</P>
    <P Name="ZOrder">-1</P>
  </Annotation>
  <Annotation SID="1097">
    <P Name="Name">Potential Energy</P>
    <P Name="Position">[-30, 171, 45, 185]</P>
    <P Name="InternalMargins">[0, 0, 0, 0]</P>
    <P Name="ZOrder">-2</P>
  </Annotation>
</System>
