<?xml version="1.0" encoding="utf-8"?>
<GraphicalInterface>
  <P Name="NumRootInports">0</P>
  <P Name="NumRootOutports">0</P>
  <P Name="ParameterArgumentNames"/>
  <P Name="NumModelReferences">0</P>
  <P Name="NumTestPointedSignals">1</P>
  <TestPointedSignal>
    <P Name="SignalName">160s / (s+160)</P>
    <P Name="FullBlockPath">$bdroot/Rotary Pendulum Interface1/State X/Theta_dot2</P>
    <P Name="LogSignal">1</P>
    <P Name="MaxPoints">5000</P>
    <P Name="Decimation">2</P>
  </TestPointedSignal>
  <P Name="NumProvidedFunctions">0</P>
  <P Name="NumRequiredFunctions">0</P>
  <P Name="NumResetEvents">0</P>
  <P Name="HasInitializeEvent">0</P>
  <P Name="HasTerminateEvent">0</P>
  <P Name="PreCompExecutionDomainType">Unset</P>
  <P Name="IsExportFunctionModel">0</P>
  <P Name="IsArchitectureModel">0</P>
  <P Name="IsAUTOSARArchitectureModel">0</P>
  <P Name="NumParameterArguments">0</P>
  <P Name="NumExternalFileReferences">10</P>
  <ExternalFileReference>
    <P Name="Reference">simulink_extras/Transformations/Degrees to
Radians</P>
    <P Name="Path">$bdroot/Degrees to Radians1</P>
    <P Name="SID">1006</P>
    <P Name="Type">LIBRARY_BLOCK</P>
  </ExternalFileReference>
  <ExternalFileReference>
    <P Name="Reference">simulink_extras/Transformations/Degrees to
Radians</P>
    <P Name="Path">$bdroot/Degrees to Radians4</P>
    <P Name="SID">1007</P>
    <P Name="Type">LIBRARY_BLOCK</P>
  </ExternalFileReference>
  <ExternalFileReference>
    <P Name="Reference">simulink_extras/Transformations/Radians
to Degrees</P>
    <P Name="Path">$bdroot/Radians to Degrees1</P>
    <P Name="SID">1015</P>
    <P Name="Type">LIBRARY_BLOCK</P>
  </ExternalFileReference>
  <ExternalFileReference>
    <P Name="Reference">simulink_extras/Transformations/Radians
to Degrees</P>
    <P Name="Path">$bdroot/Radians to Degrees2</P>
    <P Name="SID">1016</P>
    <P Name="Type">LIBRARY_BLOCK</P>
  </ExternalFileReference>
  <ExternalFileReference>
    <P Name="Reference">sldrtlib/Analog Output</P>
    <P Name="Path">$bdroot/Rotary Pendulum Interface1/ 1/Analog Output</P>
    <P Name="SID">1023</P>
    <P Name="Type">LIBRARY_BLOCK</P>
  </ExternalFileReference>
  <ExternalFileReference>
    <P Name="Reference">sldrtlib/Encoder Input</P>
    <P Name="Path">$bdroot/Rotary Pendulum Interface1/ 1/Encoder Input</P>
    <P Name="SID">1027</P>
    <P Name="Type">LIBRARY_BLOCK</P>
  </ExternalFileReference>
  <ExternalFileReference>
    <P Name="Reference">simulink/Logic and Bit
Operations/Compare
To Constant</P>
    <P Name="Path">$bdroot/Theta absolute1/Enable Balance Control3</P>
    <P Name="SID">1065</P>
    <P Name="Type">LIBRARY_BLOCK</P>
  </ExternalFileReference>
  <ExternalFileReference>
    <P Name="Reference">simulink/Logic and Bit
Operations/Compare
To Constant</P>
    <P Name="Path">$bdroot/Theta absolute1/Enable Balance Control4</P>
    <P Name="SID">1066</P>
    <P Name="Type">LIBRARY_BLOCK</P>
  </ExternalFileReference>
  <ExternalFileReference>
    <P Name="Reference">simulink/Math
Operations/Slider
Gain</P>
    <P Name="Path">$bdroot/swing up controller/Er (mJ)</P>
    <P Name="SID">1079</P>
    <P Name="Type">LIBRARY_BLOCK</P>
  </ExternalFileReference>
  <ExternalFileReference>
    <P Name="Reference">simulink/Discontinuities/Saturation
Dynamic</P>
    <P Name="Path">$bdroot/swing up controller/User Specified Acceleration Limit</P>
    <P Name="SID">1091</P>
    <P Name="Type">LIBRARY_BLOCK</P>
  </ExternalFileReference>
  <P Name="OrderedModelArguments">1</P>
</GraphicalInterface>
