<?xml version="1.0" encoding="UTF-8"?>
<sltp_graph version="1.1" packageUris="http://schema.mathworks.com/mf0/sltp_mm/R2020b_202003251737">
  <sltp.mm.core.Context type="sltp.mm.core.Context" uuid="074b52ed-f574-4980-8b04-74118d9b9f5c">
    <priorityDirection>HighNumberLast</priorityDirection>
    <unusedTaskIds>2</unusedTaskIds>
    <editorState type="sltp.mm.core.EditorState" uuid="b988232a-ff6b-455c-9bc4-5abff01a4d4f">
      <isSynchronized>true</isSynchronized>
    </editorState>
    <rootTask type="sltp.mm.core.Task" uuid="2a865ac0-7696-4d09-ae0d-2a012154898d">
      <context type="sltp.mm.core.Context" uuid="074b52ed-f574-4980-8b04-74118d9b9f5c"/>
      <explicit>false</explicit>
      <name>Default</name>
      <priority>-2147483648</priority>
      <subgraph type="sltp.mm.core.Graph" uuid="281c17c0-46d3-4a0f-9c40-c73862238aa9">
        <tasks type="sltp.mm.core.Task" uuid="52061e18-09e3-41c6-9eaf-0c40653235af">
          <baseTask>true</baseTask>
          <context type="sltp.mm.core.Context" uuid="074b52ed-f574-4980-8b04-74118d9b9f5c"/>
          <explicit>false</explicit>
          <id>1</id>
          <isTimed>true</isTimed>
          <name>Cont</name>
          <priority>40</priority>
          <rates type="sltp.mm.core.Rate" uuid="3b0d0ab6-5a1c-4711-bc91-6deb89f99f9a">
            <annotation>Cont</annotation>
            <color>255</color>
            <hasBlocks>true</hasBlocks>
            <rateSpec type="sltp.mm.core.RateSpec">
              <period>0.0</period>
            </rateSpec>
            <sti>0</sti>
          </rates>
          <rates type="sltp.mm.core.Rate" uuid="d3152f54-53dc-4d5e-aee3-6572ddc8c6c5">
            <annotation>D1</annotation>
            <color>-436207361</color>
            <hasBlocks>true</hasBlocks>
            <rateSpec type="sltp.mm.core.RateSpec">
              <period>.01</period>
            </rateSpec>
            <sti>1</sti>
          </rates>
        </tasks>
      </subgraph>
    </rootTask>
  </sltp.mm.core.Context>
</sltp_graph>