<?xml version="1.0" encoding="UTF-8"?>
<sltp_editor version="1.1" packageUris="http://schema.mathworks.com/mf0/DiagramEditor/R2019a_20181107 http://schema.mathworks.com/mf0/SltpSyntax/R2020b_202005081148">
  <diagram.editor.model.Diagram type="diagram.editor.model.Diagram" uuid="b58c5eca-6e7e-485e-9568-20d61a7eb66d">
    <entities type="diagram.editor.model.Entity" uuid="3a17cc35-1e15-4acc-98ee-ef08e2689991">
      <position>0,0</position>
      <size>0,0,0,0</size>
      <syntaxElement type="sltp.mm.syntax.Node" uuid="e0fc2dcc-4d7a-4d48-9f49-68c942f622a8"/>
      <title>Cont</title>
      <type>base</type>
      <subDiagram type="diagram.editor.model.Diagram" uuid="eb4fdfe1-0204-484a-b132-a5f3adff1416">
        <position>0,0</position>
        <syntaxElement type="sltp.mm.syntax.Graph" uuid="7a5a5cef-bfae-4a72-9b57-ae3277bccdd2"/>
        <title>Cont</title>
        <type>graph.Graph</type>
      </subDiagram>
    </entities>
    <syntaxElement type="sltp.mm.syntax.Graph" uuid="55039361-a69b-4c34-a936-0095dc5e0b1c"/>
    <title>Default</title>
    <type>graph.Graph</type>
  </diagram.editor.model.Diagram>
  <sltp.mm.syntax.Context type="sltp.mm.syntax.Context" uuid="830cf689-9720-4f0c-b138-0621c7991751">
    <rootGraph type="sltp.mm.syntax.Graph" uuid="55039361-a69b-4c34-a936-0095dc5e0b1c">
      <children type="sltp.mm.syntax.Node" uuid="e0fc2dcc-4d7a-4d48-9f49-68c942f622a8">
        <priority>40</priority>
        <rates type="sltp.mm.syntax.RateData">
          <color>#000000</color>
          <hasBlocks>true</hasBlocks>
          <rate>0</rate>
          <title>Cont</title>
        </rates>
        <rates type="sltp.mm.syntax.RateData">
          <color>#e60000</color>
          <hasBlocks>true</hasBlocks>
          <rate>0.01</rate>
          <title>D1</title>
        </rates>
        <title>Cont</title>
        <type>base</type>
        <diagramElement type="diagram.editor.model.Entity" uuid="3a17cc35-1e15-4acc-98ee-ef08e2689991"/>
        <subgraph type="sltp.mm.syntax.Graph" uuid="7a5a5cef-bfae-4a72-9b57-ae3277bccdd2">
          <title>Cont</title>
          <diagramElement type="diagram.editor.model.Diagram" uuid="eb4fdfe1-0204-484a-b132-a5f3adff1416"/>
        </subgraph>
      </children>
      <title>Default</title>
      <diagramElement type="diagram.editor.model.Diagram" uuid="b58c5eca-6e7e-485e-9568-20d61a7eb66d"/>
    </rootGraph>
  </sltp.mm.syntax.Context>
</sltp_editor>